Season,Rk,G,Date,,Opp,W/L,Tm,Opp,ORtg,DRtg,Pace,FTr,3PAr,TS%,TRB%,AST%,STL%,BLK%,,eFG%,TOV%,ORB%,FT/FGA,,eFG%,TOV%,DRB%,FT/FGA,,,,,,,,,,,,,
2018,1,1,2017-10-19,,CHI,W,117,100,116.9,99.9,100.1,0.337,0.349,0.614,55.7,66.7,10,7,,0.548,15.1,31,0.313,,0.472,16.3,78.3,0.18,10,32,0.313,16,19,0.842,10,39,22,7,2,19,23
2018,2,2,2017-10-21,,PHI,W,128,94,119.1,87.4,107.5,0.416,0.494,0.608,55.4,54.8,4.7,17.2,,0.545,11,19.5,0.348,,0.439,17,84.3,0.268,8,24,0.333,22,36,0.611,8,41,18,5,4,20,26
2018,3,3,2017-10-23,@,SAS,L,97,101,98.8,102.8,98.2,0.3,0.463,0.536,38.2,50,11.2,5.7,,0.488,13.4,11.9,0.238,,0.472,16.7,61.7,0.178,5,20,0.25,16,23,0.696,18,55,19,4,12,20,22
2018,4,4,2017-10-25,@,GSW,L,112,117,115.4,120.6,97,0.202,0.362,0.547,53.2,69.8,10.3,11.8,,0.5,13.5,35.4,0.191,,0.636,16.4,80.6,0.247,12,26,0.462,19,22,0.864,6,37,32,10,7,17,15
2018,5,5,2017-10-27,@,LAL,W,101,92,100.1,91.2,100.9,0.215,0.312,0.496,44.9,67.5,11.9,7.1,,0.468,10.5,18.4,0.151,,0.475,19,77.5,0.215,3,23,0.13,17,24,0.708,9,49,20,7,6,21,22
2018,6,6,2017-10-30,@,POR,W,99,85,106.4,91.3,93.1,0.195,0.276,0.524,55.3,43.6,10.7,16.7,,0.494,8.7,20,0.149,,0.438,12.8,86.7,0.188,8,26,0.308,15,19,0.789,6,38,13,5,7,13,15
2018,7,7,2017-11-01,@,DEN,L,111,129,111.2,129.3,99.8,0.294,0.365,0.578,46.9,47.6,7,7.1,,0.559,11.9,20.9,0.188,,0.625,10.6,76.3,0.216,16,32,0.5,19,29,0.655,9,43,35,9,4,12,20
2018,8,8,2017-11-03,@,UTA,W,109,100,118.8,109,91.8,0.394,0.423,0.654,54.2,52.6,9.8,7,,0.613,16.1,17.9,0.31,,0.488,12.6,77.3,0.275,8,23,0.348,22,24,0.917,10,33,11,9,5,13,25
2018,9,9,2017-11-05,,WAS,L,96,107,100.2,111.7,95.8,0.338,0.3,0.522,43.9,45.9,7.3,12.9,,0.494,12.4,20.5,0.213,,0.535,15.2,71.1,0.188,11,23,0.478,16,23,0.696,11,46,19,9,3,17,26
2018,10,10,2017-11-07,,CHI,W,119,114,123.3,118.1,96.5,0.296,0.309,0.65,50,50,5.2,0,,0.623,14.1,19.4,0.222,,0.569,12.3,78.9,0.288,11,29,0.379,23,28,0.821,8,37,26,10,2,13,23
2018,11,11,2017-11-09,,NOP,W,122,118,117.6,113.8,103.7,0.235,0.429,0.564,55.8,60,7.7,7.8,,0.541,10,22.7,0.163,,0.616,12.3,90.5,0.207,13,31,0.419,17,25,0.68,4,38,31,7,4,13,20
2018,12,12,2017-11-12,@,BOS,L,94,95,105.1,106.2,89.4,0.333,0.348,0.594,43.9,56.3,8.9,13.1,,0.536,17.7,16.2,0.29,,0.46,12.8,66.7,0.172,10,26,0.385,15,19,0.789,15,46,24,9,2,14,18
2018,13,13,2017-11-14,@,HOU,W,129,113,128.5,112.5,100.4,0.538,0.385,0.669,42.9,68.3,11,10,,0.615,11.1,12.8,0.423,,0.494,16.4,68.9,0.443,12,39,0.308,35,41,0.854,14,48,21,4,4,19,27
2018,14,14,2017-11-15,@,NOP,W,125,116,127.1,117.9,98.4,0.263,0.447,0.737,53.6,60,8.1,9.4,,0.697,19.8,21.4,0.25,,0.56,12.6,75.6,0.154,10,27,0.37,14,14,1,10,32,31,13,3,14,21
2018,15,15,2017-11-17,,NYK,W,107,84,119,93.4,89.9,0.141,0.333,0.646,48.2,65.9,4.4,16.2,,0.622,12.7,9.4,0.128,,0.379,8.4,72.5,0.165,9,23,0.391,15,17,0.882,14,43,17,7,4,9,12
2018,16,16,2017-11-19,,WAS,W,100,91,108.5,98.8,92.1,0.156,0.433,0.52,52.7,50,8.7,11.3,,0.5,6.8,23.9,0.111,,0.488,13.4,82.2,0.148,11,19,0.579,12,21,0.571,8,43,20,5,3,14,12
2018,17,17,2017-11-22,@,NYK,L,100,108,105.3,113.8,94.9,0.207,0.437,0.527,47.2,56.8,4.2,14.5,,0.506,13.6,26.1,0.138,,0.505,9.9,69.8,0.151,8,24,0.333,14,17,0.824,13,47,29,8,7,11,19
2018,18,18,2017-11-24,@,IND,L,104,107,105,108.1,99,0.247,0.37,0.579,50.6,42.5,14.1,7,,0.549,16.7,18.4,0.185,,0.524,14.4,77.8,0.241,11,26,0.423,20,27,0.741,10,41,19,10,3,16,18
2018,19,19,2017-11-25,@,ATL,W,112,78,121.3,84.5,92.3,0.107,0.381,0.637,59,67.4,10.8,6.3,,0.625,15.4,30.6,0.083,,0.387,17.5,83.3,0.267,6,27,0.222,20,23,0.87,7,32,18,9,1,18,15
2018,20,20,2017-11-29,,CHO,W,126,113,130,116.6,96.9,0.112,0.327,0.613,52,46.2,6.2,3.3,,0.602,8,27.5,0.082,,0.525,11.3,80,0.38,9,19,0.474,30,35,0.857,7,36,26,6,2,12,17
2018,21,21,2017-12-01,,IND,W,120,115,116.9,112,102.6,0.216,0.33,0.565,50.5,60.4,5.8,10.5,,0.546,10.1,27.9,0.144,,0.48,8.2,70,0.167,8,26,0.308,17,22,0.773,15,46,21,7,5,10,17
2018,22,22,2017-12-05,,PHO,W,126,113,117.2,105.1,107.5,0.283,0.391,0.609,54.5,68.2,12.1,7.8,,0.56,12.7,18.6,0.25,,0.553,15.6,100,0.4,9,24,0.375,30,38,0.789,0,35,23,7,4,17,24
2018,23,23,2017-12-08,@,MEM,W,116,107,126.7,116.9,91.5,0.423,0.397,0.627,50.7,56.8,8.7,5.5,,0.558,10.6,29.4,0.372,,0.555,14.9,70.3,0.195,9,27,0.333,16,22,0.727,11,35,24,8,3,16,25
2018,24,24,2017-12-10,@,SAC,W,102,87,109.2,93.2,93.4,0.218,0.425,0.535,51.2,56.4,8.6,4,,0.511,12,25.5,0.149,,0.548,21,82.1,0.096,10,23,0.435,7,14,0.5,7,42,15,7,6,21,17
2018,25,25,2017-12-11,@,LAC,L,91,96,92.1,97.2,98.8,0.325,0.363,0.498,43,56.3,8.1,10.7,,0.444,12.4,6.5,0.25,,0.413,10.5,74.1,0.217,8,36,0.222,20,24,0.833,14,57,18,6,7,12,20
2018,26,26,2017-12-13,@,PHO,W,115,109,117.3,111.2,98.1,0.337,0.283,0.544,52.3,40,7.1,5.1,,0.484,5.4,20.5,0.283,,0.494,10.1,78.7,0.325,8,24,0.333,27,34,0.794,10,41,20,3,9,11,24
2018,27,27,2017-12-15,,BRK,W,120,87,123,89.2,97.5,0.093,0.289,0.594,54.9,48.1,11.3,9.4,,0.593,7.3,26.2,0.052,,0.467,20.7,85,0.211,7,23,0.304,16,19,0.842,6,37,16,4,1,22,14
2018,28,28,2017-12-17,,SAC,W,108,93,117.4,101.1,92,0.329,0.353,0.555,59,55.6,8.7,16.4,,0.5,11,31.6,0.271,,0.537,15.1,85,0.074,11,26,0.423,6,8,0.75,6,32,25,9,9,15,19
2018,29,29,2017-12-20,@,CHO,W,129,111,127.3,109.6,101.3,0.198,0.363,0.652,52.4,71.4,5.9,11.3,,0.626,12.4,24.4,0.165,,0.5,10.7,80.5,0.306,7,23,0.304,26,35,0.743,8,39,21,10,6,12,18
2018,30,30,2017-12-21,@,PHI,W,114,109,115.2,110.2,98.9,0.412,0.412,0.568,52.9,51.4,14.2,10.5,,0.482,17.3,41.3,0.376,,0.576,20,66.7,0.116,9,29,0.31,10,14,0.714,13,40,27,14,6,23,27
2018,31,31,2017-12-23,,PHI,W,102,86,99.5,83.9,102.5,0.306,0.318,0.529,51.2,51.4,14.6,11.3,,0.465,15,17.1,0.271,,0.456,19.9,83.7,0.163,7,27,0.259,13,20,0.65,7,41,19,10,7,22,24
2018,32,32,2017-12-26,@,DAL,L,93,98,98,103.3,94.9,0.36,0.326,0.451,48.6,53.3,10.5,10,,0.388,8.8,28.6,0.27,,0.457,11.4,69.8,0.128,6,24,0.25,12,16,0.75,16,56,20,5,11,13,24
2018,33,33,2017-12-27,@,OKC,L,107,124,110,127.4,97.3,0.306,0.447,0.555,39.5,66.7,9.3,6.5,,0.488,10.2,15.9,0.282,,0.58,10.6,64.3,0.264,9,25,0.36,23,33,0.697,15,52,25,9,7,12,26
2018,34,34,2017-12-29,,ATL,W,111,98,114.3,100.9,97.1,0.076,0.352,0.511,51.5,47.8,9.3,23.4,,0.5,9.2,35.8,0.057,,0.483,15.7,69.6,0.148,9,24,0.375,13,20,0.65,14,48,21,6,7,18,15
2018,35,35,2018-01-01,,MIL,W,131,127,121.9,118.2,97.3,0.363,0.363,0.621,48.2,55.6,7.4,12.1,,0.571,10.2,15.4,0.297,,0.543,11.7,77.3,0.28,13,27,0.481,26,28,0.929,10,43,27,9,3,14,23
2018,36,36,2018-01-03,@,CHI,W,124,115,120.3,111.6,103.1,0.207,0.413,0.618,53.3,51.1,8.7,8.3,,0.571,9.9,17.1,0.207,,0.532,11.4,82.4,0.172,13,33,0.394,16,19,0.842,9,43,29,5,2,13,20
2018,37,37,2018-01-05,@,MIL,W,129,110,136.9,116.7,94.3,0.326,0.384,0.656,60.6,52.1,9.5,8.3,,0.616,10.1,34.3,0.267,,0.578,10.9,86.1,0.273,7,17,0.412,21,29,0.724,5,28,26,4,4,11,23
2018,38,38,2018-01-08,@,BRK,W,114,113,99.3,98.5,104,0.228,0.337,0.513,48.1,44.2,6.1,17.9,,0.475,11.9,15.4,0.178,,0.45,12.5,79.6,0.23,12,33,0.364,23,28,0.821,11,55,22,8,2,16,27
2018,39,39,2018-01-09,,MIA,L,89,90,97.7,98.8,91,0.167,0.233,0.461,36.6,42.9,7.7,16,,0.428,4.9,13.7,0.133,,0.423,11.4,60,0.082,4,22,0.182,8,10,0.8,20,64,18,2,14,13,19
2018,40,40,2018-01-11,,CLE,W,133,99,134.9,100.4,98.6,0.123,0.396,0.595,64.3,58.5,3,11.1,,0.585,7.5,40.9,0.085,,0.416,8.1,83.3,0.281,6,26,0.231,25,30,0.833,9,35,18,3,4,9,16
2018,41,41,2018-01-13,,GSW,L,125,127,129.4,131.5,96.6,0.344,0.269,0.584,59.5,48.9,3.1,3.5,,0.527,8.5,34.1,0.29,,0.636,6,90.9,0.296,9,24,0.375,24,28,0.857,3,30,28,4,3,6,20
2018,42,42,2018-01-15,@,PHI,L,111,117,103.7,109.3,107.1,0.316,0.337,0.513,47.8,52.6,7.5,1.8,,0.447,12.2,24,0.274,,0.531,17.7,76.2,0.383,6,25,0.24,31,38,0.816,10,48,22,8,9,21,28
2018,43,43,2018-01-17,,DET,W,96,91,100.5,95.3,95.5,0.288,0.388,0.533,53.8,70.6,6.3,13.3,,0.494,18.2,27.9,0.213,,0.477,12.9,77.1,0.08,10,28,0.357,7,15,0.467,11,42,22,14,7,14,20
2018,44,44,2018-01-19,,SAS,W,86,83,92.7,89.5,92.8,0.165,0.306,0.472,47.2,47.1,8.6,1.4,,0.453,12.5,18.8,0.106,,0.368,10.7,70.7,0.176,5,20,0.25,16,20,0.8,17,56,18,9,7,12,13
2018,45,45,2018-01-20,@,MIN,L,109,115,116.8,123.3,93.3,0.253,0.398,0.591,44.3,59,7.5,10.8,,0.542,12.4,21.6,0.229,,0.512,10,64.3,0.395,7,16,0.438,32,42,0.762,15,44,21,4,3,11,20
2018,46,46,2018-01-24,@,ATL,W,108,93,105.3,90.7,102.5,0.281,0.404,0.54,52.5,64.1,9.8,16.4,,0.517,14.5,25.5,0.18,,0.431,13.6,76.9,0.128,7,21,0.333,12,17,0.706,12,47,19,8,9,16,21
2018,47,47,2018-01-26,,UTA,L,93,97,97.6,101.8,95.3,0.179,0.284,0.454,52.5,62.2,10.5,19.7,,0.426,9.7,30.2,0.126,,0.471,11.9,78.3,0.172,10,21,0.476,15,21,0.714,10,47,20,7,5,13,16
2018,48,48,2018-01-28,,LAL,W,123,111,118.7,107.1,103.7,0.272,0.337,0.597,54.6,50,3.9,6.1,,0.565,12,27.9,0.207,,0.484,11.7,75.9,0.253,8,25,0.32,23,33,0.697,13,44,22,9,4,14,21
2018,49,49,2018-01-30,,MIN,W,109,104,121,115.5,90.1,0.321,0.358,0.59,49.4,71.8,3.3,5.5,,0.537,8,23.1,0.272,,0.524,7.7,75,0.176,5,12,0.417,15,24,0.625,10,40,21,4,2,8,19
2018,50,50,2018-02-01,@,WAS,L,119,122,119.6,122.6,99.5,0.289,0.349,0.636,42.1,45.5,7,5.5,,0.602,16.1,20,0.229,,0.576,14.2,66.7,0.282,10,30,0.333,24,26,0.923,12,44,30,10,2,16,21
2018,51,51,2018-02-02,,POR,W,130,105,140.8,113.8,92.3,0.212,0.404,0.601,53.8,45.7,5.4,7.7,,0.561,5.3,34.7,0.192,,0.555,10.3,86.2,0.329,7,21,0.333,24,33,0.727,4,36,20,4,2,10,15
2018,52,52,2018-02-04,,MEM,W,101,86,107.7,91.7,93.8,0.169,0.393,0.528,49.4,51.2,13.9,12.5,,0.494,10.3,23.8,0.146,,0.407,17.3,72.3,0.247,8,25,0.32,20,23,0.87,13,45,17,7,6,19,23
2018,53,53,2018-02-06,,BOS,W,111,91,115.3,94.5,96.3,0.213,0.45,0.634,51.3,72.5,10.4,6.7,,0.606,14.6,14.7,0.175,,0.458,15.6,79.5,0.181,10,23,0.435,15,20,0.75,9,38,21,3,3,17,19
2018,54,54,2018-02-08,,NYK,W,113,88,114.4,89.1,98.8,0.147,0.453,0.559,54.7,72.1,11.1,8.9,,0.537,7.3,19.1,0.116,,0.44,14.2,89.6,0.181,7,27,0.259,15,18,0.833,5,43,19,4,8,15,15
2018,55,55,2018-02-11,@,CHO,W,123,103,126.6,106,97.1,0.115,0.425,0.673,48.8,71.4,7.2,12.1,,0.667,11.6,16.2,0.08,,0.483,11.6,75.6,0.191,10,23,0.435,17,23,0.739,11,42,26,5,5,13,13
2018,56,56,2018-02-13,,MIA,W,115,112,116,112.9,99.2,0.256,0.389,0.574,44,57.1,7.1,5.3,,0.539,7.4,14.6,0.2,,0.558,14.5,76.7,0.186,12,29,0.414,16,19,0.842,10,51,24,5,3,16,18
2018,57,57,2018-02-14,@,CHI,W,122,98,122,98,100,0.163,0.413,0.619,54.3,79.2,5,11.9,,0.598,6.6,11.6,0.13,,0.451,5.7,91.8,0.176,4,24,0.167,16,20,0.8,4,42,17,5,6,6,16
2018,58,58,2018-02-23,,MIL,L,119,122,112.9,115.7,95.5,0.289,0.378,0.587,42,53.5,6.6,12.5,,0.528,10.6,11.6,0.267,,0.55,15,71.1,0.256,13,26,0.5,23,27,0.852,13,51,21,6,3,18,24
2018,59,59,2018-02-26,,DET,W,123,94,122.8,93.9,100.1,0.288,0.475,0.682,52.8,73.8,10,9.7,,0.631,16.6,17.1,0.275,,0.42,11.2,75.9,0.16,7,22,0.318,15,20,0.75,13,42,20,11,3,13,22
2018,60,60,2018-02-28,@,ORL,W,117,104,121.1,107.6,96.6,0.289,0.361,0.625,50,73.3,9.3,13.5,,0.614,11.4,17.1,0.181,,0.555,12.4,81.4,0.159,13,30,0.433,13,23,0.565,8,42,27,8,2,13,19
2018,61,61,2018-03-02,@,WAS,W,102,95,115.7,107.7,88.2,0.41,0.423,0.554,42,52.8,10.2,9.1,,0.526,7.1,20,0.256,,0.513,16.2,63.4,0.177,9,24,0.375,14,21,0.667,15,47,24,2,5,17,25
2018,62,62,2018-03-04,,CHO,W,103,98,104.8,99.7,98.3,0.325,0.494,0.543,52.1,62.9,5.1,12.5,,0.494,13.7,19.6,0.253,,0.406,8.2,82,0.341,5,21,0.238,29,35,0.829,9,46,16,7,4,9,21
2018,63,63,2018-03-06,,ATL,W,106,90,112.9,95.9,93.9,0.375,0.409,0.517,50.6,73.5,12.8,13.6,,0.443,10.5,34.7,0.318,,0.463,19,70,0.2,6,21,0.286,16,21,0.762,12,44,22,8,6,21,25
2018,64,64,2018-03-07,@,DET,W,121,119,114.5,112.6,95.7,0.208,0.396,0.549,48,73.3,8.5,10.9,,0.505,7.5,20.8,0.188,,0.561,13.8,80,0.2,13,26,0.5,18,23,0.783,9,51,27,2,7,16,23
2018,65,65,2018-03-09,,HOU,W,108,105,115.1,111.9,93.9,0.165,0.447,0.592,53.8,53.7,7.5,3.7,,0.571,14.9,29.3,0.129,,0.549,12.5,81.1,0.198,9,27,0.333,16,23,0.696,7,36,15,9,3,13,13
2018,66,66,2018-03-11,@,NYK,W,132,106,134.3,107.8,98.3,0.269,0.376,0.635,58.4,68.1,3.1,4.5,,0.591,9.6,32.6,0.237,,0.494,9.2,82.6,0.216,7,21,0.333,19,24,0.792,8,37,21,7,4,10,19
2018,67,67,2018-03-13,@,BRK,W,116,102,122.5,107.7,94.7,0.231,0.341,0.579,58.2,61.4,7.4,12,,0.544,9.9,31,0.187,,0.494,10.4,81.6,0.198,15,36,0.417,17,19,0.895,9,38,21,9,6,11,19
2018,68,68,2018-03-15,@,IND,W,106,99,114.7,107.1,92.4,0.354,0.405,0.58,62.6,57.1,4.3,11.6,,0.519,18,43.9,0.304,,0.468,7.4,78,0.129,7,24,0.292,12,17,0.706,11,34,17,12,1,8,25
2018,69,69,2018-03-16,,DAL,W,122,115,120.3,113.4,91.9,0.341,0.33,0.583,55.6,60.5,4.9,11.6,,0.527,11.1,28.6,0.286,,0.56,9.2,84.6,0.143,6,22,0.273,13,18,0.722,6,36,25,7,5,10,27
2018,70,70,2018-03-18,,OKC,L,125,132,123.2,130.1,101.5,0.284,0.37,0.686,44.3,67.4,4.9,1.5,,0.66,17.3,24.2,0.222,,0.614,14.2,62.2,0.273,10,21,0.476,24,34,0.706,14,39,27,11,2,17,24
2018,71,71,2018-03-20,@,ORL,W,93,86,99.7,92.2,93.3,0.221,0.468,0.55,50,54.3,7.5,12.3,,0.545,16.8,14.6,0.117,,0.461,11.5,79.6,0.033,9,25,0.36,3,5,0.6,10,45,22,13,7,12,16
2018,72,72,2018-03-21,@,CLE,L,129,132,139.3,142.5,92.6,0.261,0.386,0.657,50,68.1,4.3,9.3,,0.619,5.8,25.6,0.227,,0.699,9.1,85.2,0.295,15,24,0.625,23,28,0.821,4,33,28,3,4,9,18
2018,73,73,2018-03-23,,BRK,W,116,112,115.1,111.1,100.8,0.337,0.326,0.587,51.8,63.4,5,12.3,,0.558,9.2,12.5,0.233,,0.554,8.4,88.4,0.226,11,27,0.407,19,31,0.613,5,40,21,5,9,9,23
2018,74,74,2018-03-25,,LAC,L,106,117,108.3,119.6,97.9,0.152,0.391,0.54,52.2,58.5,3.1,7.8,,0.533,12.5,28.9,0.087,,0.505,7,74.5,0.221,8,18,0.444,21,27,0.778,12,44,17,7,5,8,16
2018,75,75,2018-03-27,,DEN,W,114,110,122.7,118.4,92.9,0.098,0.37,0.594,48.1,70.2,6.5,27.1,,0.582,8.6,23.1,0.076,,0.545,10.4,73.7,0.146,13,30,0.433,13,14,0.929,10,40,26,6,6,11,16
2018,76,76,2018-03-31,@,BOS,L,99,110,105,116.6,94.3,0.275,0.438,0.552,52.9,62.2,1.1,7,,0.513,14.3,21.4,0.213,,0.494,4.8,82.2,0.261,7,17,0.412,23,27,0.852,8,41,19,6,3,5,23
2018,77,77,2018-04-03,@,CLE,L,106,112,107.3,113.3,98.8,0.149,0.362,0.529,52.3,66.7,7.1,2.1,,0.505,9.9,18.4,0.117,,0.578,11.9,94.9,0.299,13,30,0.433,23,26,0.885,2,42,18,8,6,12,17
2018,78,78,2018-04-04,,BOS,W,96,78,104.7,85,91.7,0.087,0.359,0.503,52.7,57.5,10.9,11.3,,0.489,9.5,25.5,0.065,,0.353,15.5,81.8,0.333,3,22,0.136,25,28,0.893,8,43,10,7,3,16,16
2018,79,79,2018-04-06,,IND,W,92,73,96.4,76.5,95.4,0.19,0.357,0.505,54.2,75,9.4,12.1,,0.482,17.3,22,0.131,,0.339,11.1,78.2,0.161,7,21,0.333,14,20,0.7,12,44,16,8,8,12,21
2018,80,80,2018-04-08,,ORL,W,112,101,113.1,102,99,0.308,0.513,0.632,52.8,71.8,8.1,7.6,,0.609,16.1,14.3,0.218,,0.511,9.4,87.2,0.112,7,23,0.304,10,17,0.588,6,42,25,12,4,10,17
2018,81,81,2018-04-09,@,DET,W,108,98,123.5,112,87.5,0.046,0.448,0.608,59.3,58.7,3.4,10.4,,0.598,9.2,21.6,0.046,,0.506,3.3,90.9,0.244,9,30,0.3,19,25,0.76,4,33,22,7,2,3,11
2018,82,82,2018-04-11,@,MIA,L,109,116,106.6,113.4,92.6,0.228,0.326,0.538,45.6,57.1,4.9,12.5,,0.505,11.4,19.6,0.174,,0.486,7.3,66.7,0.123,11,26,0.423,13,20,0.65,19,56,26,8,7,9,18
2017,1,1,2016-10-26,,DET,W,109,91,114.5,95.6,95.2,0.337,0.209,0.552,56,41.5,8.4,0,,0.494,10,30.4,0.279,,0.44,12.2,82.2,0.202,4,22,0.182,17,22,0.773,8,40,17,8,0,13,24
2017,2,2,2016-10-28,,CLE,L,91,94,96.9,100.1,93.9,0.2,0.178,0.465,56,34.3,9.6,6.4,,0.411,15.5,36.7,0.189,,0.494,16.1,78.6,0.203,12,32,0.375,16,22,0.727,9,40,20,8,3,17,15
2017,3,3,2016-10-31,,DEN,W,105,102,114.9,111.6,91.4,0.284,0.182,0.53,48.3,39,7.7,15.3,,0.489,6.6,23.9,0.216,,0.463,7.7,74.4,0.333,9,22,0.409,27,35,0.771,11,46,14,2,9,8,18
2017,4,4,2016-11-02,@,WAS,W,113,103,118,107.6,95.7,0.325,0.325,0.642,46.3,48.8,16.7,3.2,,0.623,12.9,11.8,0.221,,0.604,19.5,81.8,0.222,3,10,0.3,16,24,0.667,6,36,21,8,5,20,20
2017,5,5,2016-11-04,,MIA,W,96,87,104.2,94.5,92.1,0.214,0.298,0.522,53.8,37.8,7.6,8.3,,0.476,14,29.5,0.19,,0.438,12.1,75.5,0.114,9,28,0.321,10,15,0.667,12,43,19,10,5,13,22
2017,6,6,2016-11-06,,SAC,L,91,96,106.1,111.9,85.8,0.369,0.357,0.466,47.8,73.3,7,8.1,,0.399,5.8,27.7,0.286,,0.468,8.9,69.8,0.295,5,16,0.313,23,31,0.742,13,47,21,4,5,9,22
2017,7,7,2016-11-09,@,OKC,W,112,102,120,109.3,93.3,0.265,0.313,0.604,47.3,58.1,10.7,15,,0.584,10.6,20,0.181,,0.5,17.8,71.8,0.378,12,34,0.353,28,31,0.903,11,39,18,6,5,19,21
2017,8,8,2016-11-11,@,CHO,W,113,111,119.2,117.1,94.8,0.244,0.244,0.567,44.1,41.9,8.4,9.6,,0.511,4.8,17,0.233,,0.5,9.6,67.3,0.194,17,41,0.415,18,24,0.75,18,57,22,1,4,11,16
2017,9,9,2016-11-12,,NYK,W,118,107,119.6,108.5,98.6,0.458,0.265,0.592,47.3,46.2,10.1,8.1,,0.512,9.9,25.6,0.398,,0.49,13.3,66,0.124,7,23,0.304,12,16,0.75,17,49,19,3,2,16,23
2017,10,10,2016-11-15,@,CLE,L,117,121,118.2,122.2,99,0.188,0.302,0.563,46.5,52.2,11.1,10,,0.547,7.1,25,0.125,,0.608,15.1,73.7,0.241,13,33,0.394,20,28,0.714,10,46,26,4,7,17,18
2017,11,11,2016-11-16,,GSW,L,121,127,121.4,127.5,99.6,0.5,0.305,0.605,56.8,43.2,8,2,,0.512,12.3,31.7,0.451,,0.58,10.8,82.5,0.299,13,36,0.361,26,28,0.929,7,35,33,9,7,12,25
2017,12,12,2016-11-18,@,DEN,W,113,111,102.7,100.8,99.7,0.33,0.245,0.525,42.7,53.5,7.3,3.4,,0.5,9.3,10.7,0.202,,0.494,15.9,80.9,0.349,4,25,0.16,29,39,0.744,9,59,29,7,4,19,26
2017,13,13,2016-11-20,@,SAC,L,99,102,104,107.1,95.2,0.282,0.282,0.518,56.5,47.1,7.4,11.1,,0.453,13.6,32.7,0.259,,0.512,12.4,88.9,0.235,11,27,0.407,19,25,0.76,4,37,26,8,8,13,18
2017,14,14,2016-11-21,@,LAC,L,115,123,116.3,124.4,98.9,0.4,0.238,0.611,43.2,47.5,10.1,4.1,,0.55,10.5,10,0.338,,0.595,13.1,82.4,0.473,10,25,0.4,35,42,0.833,6,42,23,5,4,14,24
2017,15,15,2016-11-23,@,HOU,W,115,102,122,108.2,94.3,0.239,0.261,0.591,49.4,65.1,14.8,19.4,,0.557,12.6,34.9,0.193,,0.577,23.8,67.6,0.154,14,42,0.333,12,12,1,11,39,29,6,7,26,22
2017,16,16,2016-11-25,@,MIL,W,105,99,121.8,114.8,86.2,0.232,0.39,0.581,50,47.4,3.5,10,,0.549,9.1,26.2,0.183,,0.582,11.5,79.4,0.089,12,29,0.414,7,12,0.583,7,38,26,4,2,11,19
2017,17,17,2016-11-28,,PHI,W,122,95,132.7,103.4,91.9,0.403,0.247,0.673,52.5,52.4,12,15.4,,0.63,11.7,23.5,0.325,,0.5,13.2,73.9,0.105,14,34,0.412,9,13,0.692,12,38,27,9,4,14,21
2017,18,18,2016-11-30,,MEM,W,120,105,132.1,115.6,90.8,0.478,0.464,0.718,58.9,60.5,7.7,7.3,,0.667,17.7,35.7,0.406,,0.506,13,73.3,0.268,11,27,0.407,22,26,0.846,12,30,16,13,1,14,25
2017,19,19,2016-12-02,,LAL,W,113,80,123.2,87.2,91.7,0.157,0.349,0.637,48.9,55.6,8.7,7.5,,0.614,10.1,20.6,0.133,,0.376,13.7,66.1,0.108,6,26,0.231,10,17,0.588,19,46,16,6,2,16,18
2017,20,20,2016-12-03,,ATL,W,128,84,133.7,87.8,95.7,0.12,0.261,0.661,55.8,52.8,14.6,11.7,,0.647,11,32.4,0.098,,0.438,16,73.5,0.08,7,28,0.25,7,14,0.5,13,38,21,7,5,18,13
2017,21,21,2016-12-05,,CLE,L,112,116,120.6,124.9,92.9,0.307,0.364,0.561,40.7,57.9,8.6,9.6,,0.506,6.5,22.2,0.261,,0.56,12.7,63.9,0.262,14,32,0.438,22,27,0.815,13,48,21,4,3,14,21
2017,22,22,2016-12-08,,MIN,W,124,110,137.7,122.1,90.1,0.379,0.31,0.611,49.4,58.1,5.6,8.3,,0.563,7.3,37.2,0.299,,0.563,12.1,61.9,0.125,9,28,0.321,11,15,0.733,16,43,19,3,1,13,26
2017,23,23,2016-12-09,@,BOS,W,101,94,105.9,98.6,95.4,0.329,0.244,0.538,52.1,35.3,9.4,4.9,,0.47,10.5,17.4,0.293,,0.476,12.3,84,0.181,17,42,0.405,15,22,0.682,8,46,24,5,4,13,18
2017,24,24,2016-12-12,,MIL,W,122,100,132.4,108.5,92.2,0.346,0.309,0.654,55.4,61.9,7.6,3.1,,0.605,13,35.9,0.296,,0.494,10.2,72.7,0.135,4,24,0.167,12,17,0.706,12,37,27,8,3,11,20
2017,25,25,2016-12-14,@,PHI,W,123,114,131.8,122.1,93.3,0.414,0.333,0.598,47.6,51.2,9.6,5.3,,0.529,8,34.1,0.356,,0.552,12.6,63.2,0.221,9,29,0.31,19,25,0.76,14,43,29,5,4,14,27
2017,26,26,2016-12-16,,ATL,L,121,125,126.8,131,95.4,0.302,0.244,0.621,38.9,42.6,7.3,8.2,,0.605,8.5,21.6,0.198,,0.599,12.3,57.1,0.256,11,25,0.44,22,32,0.688,15,44,26,6,6,14,22
2017,27,27,2016-12-18,@,ORL,W,109,79,115.6,83.8,94.3,0.241,0.31,0.566,52.8,46.5,10.6,11.3,,0.534,9.4,23.8,0.184,,0.428,17.9,78.7,0.096,3,21,0.143,8,9,0.889,10,42,13,5,3,19,17
2017,28,28,2016-12-20,,BRK,W,116,104,112.9,101.2,102.8,0.341,0.198,0.554,48,45.2,12.6,16.1,,0.505,11.1,24,0.264,,0.451,13.4,72,0.242,10,35,0.286,22,28,0.786,14,52,20,9,5,16,23
2017,29,29,2016-12-23,@,UTA,W,104,98,112.9,106.4,92.1,0.185,0.259,0.594,47.4,27.9,13,7.7,,0.58,10.2,13.9,0.123,,0.506,15.3,77.5,0.228,10,27,0.37,18,21,0.857,9,40,21,7,2,16,16
2017,30,30,2016-12-26,@,POR,W,95,91,96.6,92.5,98.4,0.253,0.358,0.45,49.1,53.1,11.2,6.7,,0.4,10.2,24.6,0.2,,0.47,16.5,77.6,0.157,8,23,0.348,13,18,0.722,11,54,22,8,4,18,22
2017,31,31,2016-12-28,@,GSW,L,111,121,113,123.2,98.2,0.214,0.34,0.493,46.9,60,13.2,10.3,,0.451,5.8,31.1,0.175,,0.654,18.4,74.3,0.185,14,23,0.609,15,18,0.833,9,51,33,4,9,20,16
2017,32,32,2016-12-29,@,PHO,L,91,99,93.8,102,97.1,0.387,0.36,0.518,47.8,33.3,12.4,8.1,,0.447,17,20.5,0.32,,0.5,17.7,73.9,0.193,9,21,0.429,16,23,0.696,12,47,20,10,4,20,28
2017,33,33,2017-01-01,@,LAL,W,123,114,128.6,119.2,95.6,0.427,0.227,0.69,48.2,42.9,5.2,15,,0.627,15.2,15.6,0.387,,0.484,6.2,68.6,0.272,15,32,0.469,25,31,0.806,16,43,19,8,3,7,21
2017,34,34,2017-01-03,@,SAS,L,82,110,90.6,121.5,90.6,0.265,0.217,0.442,50,25.8,8.8,7.4,,0.398,11.5,27.5,0.193,,0.635,15.1,82.9,0.141,13,24,0.542,11,15,0.733,6,43,32,7,15,15,18
2017,35,35,2017-01-05,,UTA,W,101,93,119.4,109.9,84.6,0.308,0.231,0.489,49.5,38.9,11.8,11.3,,0.44,3.7,38.2,0.231,,0.514,18,66.7,0.247,7,20,0.35,18,21,0.857,12,46,16,2,4,18,22
2017,36,36,2017-01-07,@,CHI,L,118,123,111.4,116.1,95.9,0.506,0.365,0.568,40.6,54.1,10.4,7.2,,0.482,8.8,12.2,0.424,,0.448,10.9,67.3,0.371,11,28,0.393,36,39,0.923,17,60,25,5,2,14,27
2017,37,37,2017-01-08,,HOU,L,122,129,117,123.7,104.3,0.385,0.321,0.669,50,45.2,6.7,5.9,,0.609,15.7,12.1,0.346,,0.579,12.8,77.8,0.292,11,38,0.289,26,31,0.839,10,39,27,9,6,15,22
2017,38,38,2017-01-10,,BOS,W,114,106,116.7,108.5,97.7,0.31,0.253,0.576,60.2,41.5,9.2,12.1,,0.529,14.7,38.6,0.253,,0.524,13,84.6,0.2,9,27,0.333,17,20,0.85,6,33,21,7,3,14,20
2017,39,39,2017-01-13,,BRK,W,132,113,132.5,113.4,99.6,0.216,0.289,0.621,58.3,40.4,7,18,,0.593,7,29.5,0.175,,0.564,10.4,90,0.186,17,36,0.472,16,20,0.8,4,35,26,5,1,11,16
2017,40,40,2017-01-15,,NYK,W,116,101,121.1,105.5,95.8,0.258,0.247,0.585,50.6,47.7,9.4,7.3,,0.539,9.2,25,0.225,,0.488,12.7,74.4,0.226,12,29,0.414,19,27,0.704,11,41,21,7,7,14,16
2017,41,41,2017-01-17,@,BRK,W,119,109,122.4,112.1,97.2,0.174,0.207,0.601,51.8,37.5,8.2,9.5,,0.576,8.3,25,0.141,,0.489,11.5,75.6,0.247,7,26,0.269,22,24,0.917,11,41,20,7,6,13,19
2017,42,42,2017-01-18,@,PHI,L,89,94,93.8,99.1,94.9,0.267,0.279,0.463,48.3,50,10.5,4.4,,0.43,8.6,22.6,0.174,,0.507,20.9,86.1,0.348,8,24,0.333,24,32,0.75,5,46,20,5,7,22,21
2017,43,43,2017-01-20,@,CHO,L,78,113,84.6,122.6,92.2,0.163,0.349,0.423,39.3,34.5,7.6,9.1,,0.378,11.5,16.7,0.151,,0.575,13.3,69.4,0.263,12,25,0.48,21,25,0.84,11,51,24,9,4,14,13
2017,44,44,2017-01-22,,PHO,L,103,115,105.9,118.2,97.3,0.422,0.325,0.523,43.8,57.6,9.3,14,,0.44,8.4,15.6,0.361,,0.563,14.1,80,0.329,9,22,0.409,26,28,0.929,7,45,20,6,1,15,28
2017,45,45,2017-01-24,,SAS,L,106,108,106.7,108.7,99.4,0.333,0.298,0.55,55.6,26.3,9.1,13.1,,0.488,11.9,25,0.286,,0.488,10.8,85.4,0.294,7,24,0.292,25,33,0.758,6,36,20,7,6,12,18
2017,46,46,2017-01-25,@,MEM,L,99,101,110.2,112.4,89.8,0.207,0.37,0.493,50,41,6.7,7.1,,0.478,7.4,26.5,0.12,,0.526,9.2,78,0.244,10,22,0.455,19,25,0.76,9,45,18,3,7,9,17
2017,47,47,2017-01-27,,MIL,W,102,86,108.3,91.3,94.2,0.274,0.298,0.542,52.2,54.1,9.6,17.5,,0.5,12.9,27.9,0.214,,0.431,17.3,74.5,0.213,7,23,0.304,17,24,0.708,12,43,19,6,7,19,22
2017,48,48,2017-01-29,,ORL,L,113,114,119.7,120.8,94.4,0.456,0.354,0.596,52.6,52.8,8.5,5.4,,0.532,10.4,23.1,0.367,,0.595,11.7,83.8,0.253,10,23,0.435,20,26,0.769,6,36,25,6,6,12,28
2017,49,49,2017-01-31,,NOP,W,108,106,109.3,107.3,89.5,0.16,0.33,0.537,53.5,44.2,5.1,9.4,,0.511,12.2,27.7,0.128,,0.489,9.7,75.9,0.149,12,30,0.4,14,19,0.737,13,47,17,11,7,11,16
2017,50,50,2017-02-01,@,BOS,L,104,109,111,116.3,93.7,0.321,0.397,0.584,51.3,41.5,6.4,9.8,,0.577,14.4,22.9,0.179,,0.483,8.2,73.3,0.287,12,36,0.333,25,30,0.833,12,39,24,6,2,9,21
2017,51,51,2017-02-03,@,ORL,L,94,102,102.8,111.6,91.4,0.241,0.322,0.488,48.9,44.1,5.5,7.6,,0.448,10.3,27.1,0.184,,0.494,10.5,73.8,0.288,5,14,0.357,23,32,0.719,11,46,22,4,7,11,16
2017,52,52,2017-02-05,@,BRK,W,103,95,105.9,97.7,97.3,0.23,0.218,0.538,51.7,52.5,8.2,9.5,,0.489,10.3,18.6,0.207,,0.507,19.8,84.1,0.237,13,34,0.382,18,21,0.857,7,42,19,8,7,21,19
2017,53,53,2017-02-06,,LAC,W,118,109,125.4,115.8,94.1,0.345,0.286,0.61,54.7,48.8,6.4,1.8,,0.548,8.5,26.8,0.31,,0.539,8.4,80,0.133,13,35,0.371,12,18,0.667,9,39,24,7,5,9,19
2017,54,54,2017-02-08,@,MIN,L,109,112,124.1,127.5,87.8,0.253,0.354,0.621,50,45.2,6.8,4.9,,0.601,12.9,28.6,0.177,,0.531,7.9,70.3,0.338,7,19,0.368,27,30,0.9,11,36,22,8,3,8,20
2017,55,55,2017-02-12,,DET,L,101,102,114.2,115.3,88.4,0.333,0.213,0.587,48.1,47.4,4.5,9.4,,0.56,9.5,16.7,0.227,,0.476,6.7,74.4,0.262,8,31,0.258,22,29,0.759,11,41,12,8,5,7,18
2017,56,56,2017-02-14,@,CHI,L,94,105,99.7,111.4,94.3,0.312,0.26,0.537,47.9,42.9,9.5,1.8,,0.487,15.4,21.1,0.247,,0.527,16.1,78.8,0.384,7,17,0.412,28,35,0.8,7,37,22,8,5,17,23
2017,57,57,2017-02-15,,CHO,W,90,85,96.1,90.8,93.6,0.226,0.381,0.487,51.1,59.4,8.5,10.5,,0.452,13.2,17,0.167,,0.507,17.5,88.4,0.105,13,38,0.342,8,9,0.889,5,44,21,9,6,17,18
2017,58,58,2017-02-24,,BOS,W,107,97,119.4,108.2,89.6,0.358,0.185,0.571,53.2,37.5,7.8,10,,0.525,8.8,25.6,0.272,,0.5,11.1,81.6,0.244,12,38,0.316,19,22,0.864,7,36,19,4,3,11,21
2017,59,59,2017-02-26,,POR,W,112,106,120.1,113.7,93.2,0.346,0.256,0.623,50,38.1,7.5,8.6,,0.583,10,13.9,0.269,,0.5,8.7,81,0.342,9,21,0.429,27,35,0.771,8,39,16,6,5,9,26
2017,60,60,2017-02-27,@,NYK,W,92,91,104.9,103.7,87.7,0.295,0.333,0.522,50.6,36.4,10.3,6.1,,0.468,12,25.6,0.244,,0.514,17.3,78.9,0.219,9,24,0.375,16,19,0.842,8,40,17,10,6,17,19
2017,61,61,2017-03-01,,WAS,L,96,105,101.8,111.4,94.3,0.289,0.222,0.473,53.2,33.3,8.5,6.8,,0.406,9.8,30.2,0.256,,0.53,11.5,82.9,0.19,9,25,0.36,16,19,0.842,7,44,32,6,6,12,21
2017,62,62,2017-03-03,@,WAS,W,114,106,116.2,108.1,98.1,0.333,0.309,0.614,53.1,39,5.1,14.5,,0.574,15.5,26.8,0.259,,0.424,9.4,72.7,0.304,10,30,0.333,28,32,0.875,15,45,23,8,6,11,21
2017,63,63,2017-03-04,@,MIL,L,94,101,103.6,111.4,90.7,0.267,0.28,0.561,46.2,57.1,2.2,6.7,,0.513,11.6,8.3,0.227,,0.471,5.8,78.6,0.218,6,27,0.222,19,23,0.826,9,42,16,3,4,6,18
2017,64,64,2017-03-08,@,NOP,W,94,87,105.9,98,88.7,0.303,0.276,0.546,51.2,58.3,6.8,11.8,,0.526,11.3,20,0.184,,0.481,14,81,0.125,9,29,0.31,10,13,0.769,8,40,22,6,3,14,20
2017,65,65,2017-03-10,@,ATL,L,99,105,101.3,107.4,97.8,0.293,0.272,0.477,50.5,51.4,17.4,9.4,,0.424,9.6,30.2,0.228,,0.573,19.3,78.9,0.253,8,22,0.364,19,29,0.655,8,45,24,8,6,21,20
2017,66,66,2017-03-11,@,MIA,L,89,104,96.6,112.9,92.1,0.284,0.17,0.449,57.8,21.2,6.5,11.4,,0.386,10.8,33.3,0.239,,0.563,12.2,91.4,0.319,11,28,0.393,23,33,0.697,3,35,21,8,10,12,19
2017,67,67,2017-03-13,,DAL,W,100,78,113.8,88.7,87.9,0.231,0.321,0.582,61.8,51.4,8,10,,0.532,12.3,25,0.218,,0.406,7.2,86.8,0.106,7,25,0.28,9,13,0.692,7,34,21,4,6,7,19
2017,68,68,2017-03-16,,OKC,L,102,123,101.1,121.9,100.9,0.37,0.247,0.541,40.5,40.5,9.9,15.9,,0.488,12.9,14,0.284,,0.614,15.7,72.2,0.17,14,25,0.56,15,19,0.789,10,47,33,10,1,18,22
2017,69,69,2017-03-17,@,DET,W,87,75,96.6,83.3,90.1,0.256,0.346,0.501,52,63.3,5.6,3.2,,0.442,12.1,17.8,0.231,,0.367,11.5,78.9,0.169,3,20,0.15,14,21,0.667,12,49,14,5,5,12,17
2017,70,70,2017-03-19,,IND,W,116,91,122.9,96.4,94.4,0.176,0.297,0.592,60.7,55.6,7.4,12.3,,0.56,14,36.8,0.154,,0.45,12.4,80.4,0.238,6,23,0.261,19,26,0.731,9,33,22,7,2,13,23
2017,71,71,2017-03-21,,CHI,W,122,120,117.3,115.4,94.2,0.284,0.242,0.571,56.2,38.3,5.8,7.5,,0.537,13,34.8,0.211,,0.544,12.1,79.1,0.244,14,37,0.378,22,27,0.815,9,39,25,9,10,14,24
2017,72,72,2017-03-23,@,MIA,W,101,84,105.6,87.8,95.7,0.405,0.291,0.543,58.6,28.6,9.4,5.1,,0.481,15.4,29.7,0.316,,0.427,14.8,80,0.171,6,23,0.261,14,23,0.609,10,36,20,8,11,16,23
2017,73,73,2017-03-25,@,DAL,W,94,86,109.2,99.9,86.1,0.111,0.259,0.553,52.4,56.4,10.5,5.6,,0.537,14.1,30,0.086,,0.421,11.7,72.7,0.207,7,28,0.25,17,20,0.85,12,40,20,10,4,12,16
2017,74,74,2017-03-27,,ORL,W,131,112,128.8,110.1,101.7,0.422,0.181,0.666,56.6,49,6.9,11.8,,0.651,13.2,26.5,0.277,,0.511,9.9,81,0.25,4,20,0.2,22,28,0.786,8,33,19,11,3,11,23
2017,75,75,2017-03-29,,CHO,L,106,110,118.3,122.8,89.6,0.289,0.373,0.566,53.7,60.5,4.5,13,,0.524,12.2,32.5,0.229,,0.547,7.7,73.8,0.186,16,32,0.5,16,21,0.762,11,38,23,6,2,8,18
2017,76,76,2017-03-31,,IND,W,111,100,117.9,106.2,94.1,0.427,0.329,0.57,55.8,62.2,7.4,8.2,,0.537,12.6,34.8,0.28,,0.477,11.9,75.5,0.195,11,26,0.423,17,21,0.81,12,42,19,7,4,13,21
2017,77,77,2017-04-02,,PHI,W,113,105,119.6,111.1,94.5,0.224,0.224,0.605,50,54.3,12.7,20.5,,0.576,13.8,29.4,0.176,,0.519,17.3,67.5,0.275,11,36,0.306,22,25,0.88,13,37,25,8,5,19,20
2017,78,78,2017-04-04,@,IND,L,90,108,97.4,116.9,92.4,0.25,0.303,0.533,48.2,32.4,7.6,7.8,,0.48,13.4,15.4,0.224,,0.506,10.2,77.3,0.202,12,25,0.48,18,18,1,10,43,16,7,4,11,17
2017,79,79,2017-04-05,@,DET,W,105,102,113.3,110,92.7,0.172,0.345,0.561,44.4,70.7,7.6,3.3,,0.529,10.5,17.5,0.149,,0.562,13.6,70.7,0.136,7,21,0.333,11,18,0.611,12,45,22,5,4,14,21
2017,80,80,2017-04-07,,MIA,W,96,94,100.2,98.1,95.8,0.282,0.235,0.502,50,40,10.4,6.7,,0.465,13.6,28.6,0.2,,0.446,16.6,69.6,0.241,8,23,0.348,20,29,0.69,14,44,16,10,5,19,21
2017,81,81,2017-04-09,@,NYK,W,110,97,120.4,106.2,91.3,0.299,0.403,0.631,53.2,50,8.8,1.9,,0.584,10.3,14.3,0.26,,0.506,11,85.7,0.171,9,28,0.321,14,15,0.933,6,36,27,6,1,11,18
2017,82,82,2017-04-12,@,CLE,W,98,83,111.1,94.1,88.2,0.186,0.302,0.527,53.3,50,9.1,5.1,,0.512,7.9,27.3,0.116,,0.434,14.8,78.3,0.224,10,37,0.27,17,24,0.708,10,42,20,5,7,15,14
2016,1,1,2015-10-28,,IND,W,106,99,102.3,95.5,103.6,0.488,0.225,0.545,55.6,52.8,7.7,3.2,,0.494,17.1,22,0.338,,0.424,11.5,83.7,0.302,,,,,,,,,,,,,
2016,2,2,2015-10-30,@,BOS,W,113,103,104.4,95.1,108.3,0.427,0.317,0.58,58.2,63.9,10.2,5.1,,0.506,17.7,22.5,0.366,,0.418,14.2,86.3,0.376,,,,,,,,,,,,,
2016,3,3,2015-11-01,,MIL,W,106,87,119.4,98,88.8,0.222,0.278,0.536,58.2,53.7,13.5,6,,0.517,11.6,40.9,0.144,,0.457,18.5,80,0.348,,,,,,,,,,,,,
2016,4,4,2015-11-03,@,DAL,W,102,91,106.4,94.9,95.9,0.317,0.207,0.546,51.6,48.6,8.3,9.5,,0.482,14.6,25,0.28,,0.424,13.4,72.5,0.209,,,,,,,,,,,,,
2016,5,5,2015-11-04,@,OKC,W,103,98,108.6,103.4,94.8,0.494,0.177,0.536,52.3,36.4,14.8,5.1,,0.449,12.7,28.6,0.405,,0.524,17.7,75,0.146,,,,,,,,,,,,,
2016,6,6,2015-11-06,@,ORL,L,87,92,97.8,103.4,89,0.337,0.267,0.44,52.4,43.3,5.6,9.6,,0.378,8.4,30.6,0.256,,0.487,12.2,82.9,0.221,,,,,,,,,,,,,
2016,7,7,2015-11-08,@,MIA,L,76,96,86.4,109.1,88,0.31,0.268,0.471,44.2,60.7,9.1,7.9,,0.415,16.5,16.7,0.239,,0.47,9.6,70.5,0.217,,,,,,,,,,,,,
2016,8,8,2015-11-10,,NYK,L,109,111,114.3,116.4,95.4,0.464,0.202,0.539,52.7,67.6,7.3,8.3,,0.464,9.8,31.1,0.369,,0.5,8,72.9,0.168,,,,,,,,,,,,,
2016,9,9,2015-11-11,@,PHI,W,119,103,129.6,112.2,91.8,0.348,0.202,0.58,60.2,51.2,7.6,12.1,,0.511,7.2,39.5,0.315,,0.529,10.4,78,0.126,,,,,,,,,,,,,
2016,10,10,2015-11-13,,NOP,W,100,81,111.2,90.1,89.9,0.351,0.273,0.563,55.8,55.9,8.9,8.5,,0.5,14.4,31.7,0.299,,0.409,13.4,77.8,0.171,,,,,,,,,,,,,
2016,11,11,2015-11-15,@,SAC,L,101,107,104.3,110.5,96.8,0.161,0.356,0.542,46.2,47.4,13.4,2,,0.523,13.9,17.5,0.115,,0.579,18,76.3,0.25,,,,,,,,,,,,,
2016,12,12,2015-11-17,@,GSW,L,110,115,110.4,115.5,99.6,0.494,0.228,0.572,54.1,48.6,11,3.9,,0.506,15.8,32.4,0.38,,0.606,17.9,75.7,0.225,,,,,,,,,,,,,
2016,13,13,2015-11-18,@,UTA,L,89,93,98.5,102.9,90.4,0.225,0.25,0.506,47.4,41.2,11.1,8,,0.456,13.7,20.9,0.2,,0.535,17.2,80,0.222,,,,,,,,,,,,,
2016,14,14,2015-11-20,@,LAL,W,102,91,116.6,104,87.5,0.308,0.423,0.576,50,61.8,8,5.8,,0.532,11.9,27.3,0.244,,0.506,15.1,76.3,0.169,,,,,,,,,,,,,
2016,15,15,2015-11-22,@,LAC,W,91,80,103.7,91.1,87.8,0.397,0.218,0.497,52.3,51.7,9.1,0,,0.397,13.3,31.8,0.372,,0.439,18.7,72.7,0.203,,,,,,,,,,,,,
2016,16,16,2015-11-25,,CLE,W,103,99,115.4,110.9,89.2,0.278,0.316,0.581,48.8,35,9,9.4,,0.576,9.2,15.4,0.152,,0.524,10.1,79.1,0.159,,,,,,,,,,,,,
2016,17,17,2015-11-28,@,WAS,W,84,82,89.3,87.2,94.1,0.194,0.333,0.537,53.3,54.8,8.5,11.9,,0.507,22,15.8,0.153,,0.372,13,80.8,0.256,,,,,,,,,,,,,
2016,18,18,2015-11-29,,PHO,L,102,107,107.4,112.6,95,0.198,0.337,0.546,46.2,50,6.3,10.4,,0.512,10.5,17.8,0.163,,0.484,8.1,72.9,0.17,,,,,,,,,,,,,
2016,19,19,2015-12-02,@,ATL,W,96,86,103.8,93,92.4,0.304,0.316,0.536,53.8,33.3,10.8,7.9,,0.494,11.8,21.1,0.228,,0.411,11,76.4,0.133,,,,,,,,,,,,,
2016,20,20,2015-12-03,,DEN,L,105,106,113.5,114.6,92.5,0.239,0.293,0.516,48.1,53.8,9.7,5.6,,0.467,3.8,20,0.207,,0.543,11,83.3,0.222,,,,,,,,,,,,,
2016,21,21,2015-12-05,,GSW,L,109,112,118.2,121.4,92.2,0.286,0.22,0.532,46.9,52.5,9.8,7,,0.484,5.5,23.9,0.231,,0.589,11.9,77.1,0.356,,,,,,,,,,,,,
2016,22,22,2015-12-07,,LAL,W,102,93,116.7,106.4,87.4,0.432,0.338,0.579,44.7,52.9,8,3.1,,0.52,7.4,19.5,0.338,,0.452,14,68.2,0.217,,,,,,,,,,,,,
2016,23,23,2015-12-09,,SAS,W,97,94,109.4,106,88.7,0.344,0.156,0.658,49.3,62.2,11.3,3.9,,0.602,21.3,15.4,0.313,,0.493,16.4,69.8,0.25,,,,,,,,,,,,,
2016,24,24,2015-12-11,,MIL,W,90,83,101.5,93.6,88.7,0.329,0.286,0.562,49.4,47.1,10.2,11.6,,0.536,16.6,18.9,0.214,,0.438,14.7,76.2,0.163,,,,,,,,,,,,,
2016,25,25,2015-12-13,,PHI,W,96,76,104.5,82.7,91.9,0.436,0.282,0.516,44.1,43.8,12,16.1,,0.455,7.9,17.8,0.321,,0.393,19.6,68.8,0.119,,,,,,,,,,,,,
2016,26,26,2015-12-14,@,IND,L,90,106,97.1,114.4,92.7,0.329,0.354,0.498,50.6,34.5,9.7,9.4,,0.43,16.6,30.6,0.278,,0.535,13.1,75,0.163,,,,,,,,,,,,,
2016,27,27,2015-12-17,@,CHO,L,99,109,95,104.6,94.4,0.289,0.402,0.453,47.4,51.4,6.7,17.9,,0.407,6.8,16.7,0.206,,0.494,11.6,86,0.294,,,,,,,,,,,,,
2016,28,28,2015-12-18,@,MIA,W,108,94,121.3,105.6,89,0.275,0.263,0.602,52.8,43.9,12.4,10.2,,0.563,7.2,16.7,0.225,,0.534,13.8,88.9,0.203,,,,,,,,,,,,,
2016,29,29,2015-12-20,,SAC,L,94,104,97.8,108.2,96.1,0.181,0.309,0.463,53.8,34.3,8.3,5.5,,0.415,10.6,26,0.17,,0.586,14.8,87.8,0.197,,,,,,,,,,,,,
2016,30,30,2015-12-22,,DAL,W,103,99,109,104.7,94.5,0.365,0.351,0.6,60.9,57.1,4.2,6.3,,0.554,16.5,25,0.284,,0.495,5.8,91.5,0.087,,,,,,,,,,,,,
2016,31,31,2015-12-26,@,MIL,W,111,90,125,101.3,88.8,0.235,0.358,0.621,53.7,73.8,7.9,14.9,,0.599,8.2,23.7,0.173,,0.457,12.8,79.5,0.198,,,,,,,,,,,,,
2016,32,32,2015-12-28,@,CHI,L,97,104,103.7,111.1,93.6,0.273,0.227,0.492,48.4,60.5,5.3,7.6,,0.466,6.6,22.4,0.17,,0.506,9.3,76.1,0.184,,,,,,,,,,,,,
2016,33,33,2015-12-30,,WAS,W,94,91,98.4,95.2,95.6,0.476,0.293,0.474,55.6,50,5.2,9.2,,0.378,13.9,29.4,0.39,,0.448,9.6,83.3,0.149,,,,,,,,,,,,,
2016,34,34,2016-01-01,,CHO,W,104,94,119.9,108.4,86.7,0.198,0.363,0.526,55.7,58.3,6.9,7.5,,0.478,11.6,40.8,0.187,,0.459,9.7,70.8,0.188,,,,,,,,,,,,,
2016,35,35,2016-01-03,,CHI,L,113,115,122.1,124.3,92.6,0.207,0.337,0.563,46.8,50,6.5,13.1,,0.527,7.4,27.7,0.174,,0.567,10.6,75,0.268,,,,,,,,,,,,,
2016,36,36,2016-01-04,@,CLE,L,100,122,118.3,144.3,84.5,0.397,0.26,0.583,39.4,66.7,10.6,12.2,,0.548,9.5,21.6,0.274,,0.669,13.2,62.1,0.311,,,,,,,,,,,,,
2016,37,37,2016-01-06,@,BRK,W,91,74,98.3,79.9,92.6,0.225,0.275,0.518,55.7,45.7,13,11.3,,0.463,16.2,26.7,0.213,,0.429,17.8,86,0.09,,,,,,,,,,,,,
2016,38,38,2016-01-08,@,WAS,W,97,88,96.7,87.7,100.4,0.347,0.187,0.561,57.3,32.4,7,22,,0.487,20.3,17.6,0.32,,0.44,17.3,85.4,0.167,,,,,,,,,,,,,
2016,39,39,2016-01-09,@,PHI,W,108,95,119.5,105.1,90.4,0.36,0.227,0.622,51.4,46.3,7.7,11.1,,0.58,13,18.8,0.28,,0.556,13.1,77.5,0.075,,,,,,,,,,,,,
2016,40,40,2016-01-14,@,ORL,W,106,103,102.3,99.4,93.9,0.344,0.267,0.511,50.5,54.1,10.6,14.9,,0.456,8.8,21.6,0.267,,0.5,13,85.7,0.062,,,,,,,,,,,,,
2016,41,41,2016-01-18,,BRK,W,112,100,125.1,111.7,89.5,0.212,0.282,0.603,47.4,55.8,8.9,6.5,,0.582,7,20,0.153,,0.546,14.2,77.8,0.224,,,,,,,,,,,,,
2016,42,42,2016-01-20,,BOS,W,115,109,122.8,116.4,93.7,0.205,0.349,0.635,52.9,50,7.5,8.5,,0.62,12.6,26.5,0.145,,0.576,13.3,77.8,0.129,,,,,,,,,,,,,
2016,43,43,2016-01-22,,MIA,W,101,81,116.8,93.7,86.5,0.28,0.333,0.599,49.4,54.3,4.6,12.5,,0.553,12.5,17.6,0.24,,0.432,11.9,71.4,0.136,,,,,,,,,,,,,
2016,44,44,2016-01-24,,LAC,W,112,94,116.8,98,95.9,0.313,0.265,0.593,56.4,46.3,8.3,6,,0.566,13.7,22.9,0.217,,0.5,12.7,83.7,0.237,,,,,,,,,,,,,
2016,45,45,2016-01-26,,WAS,W,106,89,114,95.8,92.9,0.405,0.367,0.569,57.8,57.1,7.5,4.8,,0.513,13.9,28.2,0.316,,0.436,10.9,84.1,0.269,,,,,,,,,,,,,
2016,46,46,2016-01-28,,NYK,W,103,93,114.9,103.7,89.6,0.341,0.235,0.527,55.6,56.8,7.8,15.9,,0.482,9.3,34.9,0.247,,0.477,8.6,74.5,0.115,,,,,,,,,,,,,
2016,47,47,2016-01-30,,DET,W,111,107,113.7,109.6,97.6,0.603,0.179,0.562,53.6,33.3,9.2,5.2,,0.487,11.6,31,0.449,,0.5,9.7,76.2,0.23,,,,,,,,,,,,,
2016,48,48,2016-02-01,@,DEN,L,93,112,95,114.4,97.9,0.5,0.321,0.489,41.7,44.8,13.3,9.8,,0.423,11.2,17.6,0.346,,0.602,17.5,78.8,0.145,,,,,,,,,,,,,
2016,49,49,2016-02-02,@,PHO,W,104,97,115.1,107.3,90.4,0.432,0.365,0.59,47.9,42.9,10,6.3,,0.534,12,21.1,0.338,,0.544,15.7,77.1,0.139,,,,,,,,,,,,,
2016,50,50,2016-02-04,@,POR,W,110,103,116.6,109.1,94.4,0.294,0.224,0.573,52.9,57.5,7.4,10.7,,0.541,12.7,28.6,0.212,,0.531,13.3,76.7,0.21,,,,,,,,,,,,,
2016,51,51,2016-02-08,@,DET,W,103,89,113.9,98.4,90.4,0.243,0.286,0.665,48,56.4,12.2,3.8,,0.636,16.2,6.7,0.2,,0.5,15.5,75.6,0.113,,,,,,,,,,,,,
2016,52,52,2016-02-10,@,MIN,L,112,117,122,127.5,91.8,0.372,0.36,0.56,47.1,48.7,3.3,16.1,,0.512,5.7,25,0.279,,0.487,6.6,70.7,0.566,,,,,,,,,,,,,
2016,53,53,2016-02-19,@,CHI,L,106,116,108.3,118.5,97.9,0.386,0.205,0.515,47.9,57.9,7.1,9.1,,0.46,7.2,22.4,0.284,,0.554,8.1,75.6,0.14,,,,,,,,,,,,,
2016,54,54,2016-02-21,,MEM,W,98,85,105.5,91.5,92.9,0.383,0.346,0.518,51.6,36.4,4.3,3.6,,0.451,11.3,20.9,0.309,,0.388,12.6,79.2,0.342,,,,,,,,,,,,,
2016,55,55,2016-02-22,@,NYK,W,122,95,137.7,107.2,88.6,0.287,0.287,0.622,54,56.5,7.9,9.4,,0.592,5.8,31.7,0.218,,0.476,7.8,73.9,0.179,,,,,,,,,,,,,
2016,56,56,2016-02-24,,MIN,W,114,105,125.5,115.6,90.9,0.306,0.306,0.591,52,51.2,7.7,10.9,,0.541,11.1,34.2,0.259,,0.541,14.5,70.3,0.338,,,,,,,,,,,,,
2016,57,57,2016-02-26,,CLE,W,99,97,113.5,111.2,87.2,0.356,0.233,0.586,46.6,48.6,6.9,0,,0.548,11.5,14.7,0.26,,0.554,14.4,74.4,0.203,,,,,,,,,,,,,
2016,58,58,2016-02-28,@,DET,L,101,114,120.4,135.9,83.9,0.225,0.263,0.574,45.7,53.8,6,2.1,,0.55,5.4,20.5,0.163,,0.662,10.8,77.4,0.282,,,,,,,,,,,,,
2016,59,59,2016-03-02,,UTA,W,104,94,121,109.4,85.9,0.263,0.275,0.583,57.7,30,8.1,8.8,,0.538,9.2,30.3,0.225,,0.506,9.1,77.8,0.12,,,,,,,,,,,,,
2016,60,60,2016-03-04,,POR,W,117,115,124.2,122,94.2,0.806,0.179,0.645,51.4,35.3,5.3,7.1,,0.552,12.5,25.7,0.642,,0.536,10.1,74.4,0.313,,,,,,,,,,,,,
2016,61,61,2016-03-06,,HOU,L,107,113,113,119.4,94.7,0.351,0.429,0.602,53.2,73,8.5,12.2,,0.558,14.4,19.4,0.273,,0.571,9.6,81.4,0.308,,,,,,,,,,,,,
2016,62,62,2016-03-08,,BRK,W,104,99,114.3,108.8,91,0.321,0.295,0.584,58,64.9,9.9,10,,0.538,15.2,34.3,0.256,,0.549,14.9,82.4,0.11,,,,,,,,,,,,,
2016,63,63,2016-03-10,,ATL,W,104,96,109.6,101.2,94.9,0.354,0.293,0.549,59.3,42.1,6.3,5.1,,0.506,12.1,28.9,0.256,,0.47,10.5,86,0.232,,,,,,,,,,,,,
2016,64,64,2016-03-12,,MIA,W,112,104,109.9,102,92.3,0.452,0.214,0.556,47.2,45.9,9.8,9.6,,0.476,11.4,18.4,0.381,,0.423,10.6,68.6,0.214,,,,,,,,,,,,,
2016,65,65,2016-03-14,,CHI,L,107,109,120.2,122.4,89.1,0.373,0.241,0.554,52.5,32.4,5.6,15.5,,0.482,4.9,25,0.325,,0.548,8,80,0.217,,,,,,,,,,,,,
2016,66,66,2016-03-15,@,MIL,W,107,89,127.6,106.2,83.8,0.205,0.361,0.591,56.5,69.2,4.8,12.5,,0.554,9,32.5,0.181,,0.455,7.3,77.8,0.247,,,,,,,,,,,,,
2016,67,67,2016-03-17,@,IND,W,101,94,98.9,92.1,92.5,0.432,0.25,0.482,54.3,34.4,4.9,7.9,,0.403,11.8,27.8,0.341,,0.429,12.2,82.4,0.176,,,,,,,,,,,,,
2016,68,68,2016-03-18,,BOS,W,105,91,114.1,98.9,92,0.325,0.364,0.597,51.9,48.6,10.9,13.1,,0.565,12,18.9,0.234,,0.494,14.7,82.5,0.122,,,,,,,,,,,,,
2016,69,69,2016-03-20,,ORL,W,105,100,111.7,106.3,94,0.556,0.247,0.521,52.9,51.4,8.5,11.5,,0.469,9,29.8,0.358,,0.53,11.7,81.6,0.145,,,,,,,,,,,,,
2016,70,70,2016-03-23,@,BOS,L,79,91,87.7,101,90.1,0.225,0.247,0.404,52,41.9,3.3,11.7,,0.382,10.1,26.8,0.124,,0.488,8.2,84.1,0.163,,,,,,,,,,,,,
2016,71,71,2016-03-25,@,HOU,L,109,112,111.7,114.8,97.6,0.277,0.33,0.517,48.4,59,9.2,8.5,,0.484,8.7,30,0.191,,0.593,14.2,69.8,0.198,,,,,,,,,,,,,
2016,72,72,2016-03-26,@,NOP,W,115,91,127.4,100.9,90.2,0.384,0.397,0.674,57.1,61.5,6.6,10,,0.616,13.2,20.6,0.342,,0.459,6.9,82,0.153,,,,,,,,,,,,,
2016,73,73,2016-03-28,,OKC,L,100,119,104,123.8,96.1,0.247,0.258,0.485,43,50,4.2,11.7,,0.452,8,22.6,0.172,,0.541,9.1,70,0.302,,,,,,,,,,,,,
2016,74,74,2016-03-30,,ATL,W,105,97,111.9,103.4,93.8,0.35,0.288,0.569,50,72.2,14.9,8,,0.519,10.6,19.5,0.275,,0.53,16.9,76.6,0.108,,,,,,,,,,,,,
2016,75,75,2016-04-01,@,MEM,W,99,95,111.9,107.4,88.5,0.408,0.394,0.591,49.4,53.3,9,16.7,,0.507,17.7,31.4,0.38,,0.445,12.4,62.5,0.154,,,,,,,,,,,,,
2016,76,76,2016-04-02,@,SAS,L,95,102,107.5,115.4,88.4,0.125,0.225,0.563,40.5,45,9,5.3,,0.538,13.3,15.8,0.113,,0.487,13.4,63.4,0.351,,,,,,,,,,,,,
2016,77,77,2016-04-05,,CHO,W,96,90,105.2,98.7,91.2,0.397,0.295,0.524,52.2,55.9,6.6,15.1,,0.474,10.7,17.9,0.282,,0.426,5.8,78.4,0.17,,,,,,,,,,,,,
2016,78,78,2016-04-07,@,ATL,L,87,95,94.1,102.7,92.5,0.238,0.25,0.469,52.9,50,10.8,9.1,,0.429,10.6,18.2,0.179,,0.513,13.2,88.4,0.224,,,,,,,,,,,,,
2016,79,79,2016-04-08,,IND,W,111,98,121.7,107.5,91.2,0.559,0.324,0.655,52.2,56.8,4.4,8.9,,0.618,15.9,17.2,0.397,,0.494,8.9,77.5,0.193,,,,,,,,,,,,,
2016,80,80,2016-04-10,@,NYK,W,93,89,108.5,103.8,85.7,0.244,0.256,0.538,44.7,51.4,4.7,8.7,,0.519,6.5,17.1,0.154,,0.399,7.5,70.5,0.202,,,,,,,,,,,,,
2016,81,81,2016-04-12,,PHI,W,122,98,129.3,103.9,94.3,0.2,0.263,0.59,61.9,52.1,11.7,11.9,,0.558,11.2,39,0.168,,0.552,12.9,83.7,0.169,,,,,,,,,,,,,
2016,82,82,2016-04-13,@,BRK,W,103,96,110.6,103.1,93.1,0.161,0.398,0.517,59.4,58.5,5.4,15.9,,0.511,8.3,32,0.086,,0.494,7.8,89.1,0.09,,,,,,,,,,,,,
2015,1,1,2014-10-29,,ATL,W,109,102,116.6,109.1,93.5,0.367,0.289,0.521,53.3,70.3,13.9,15.5,,0.456,7.9,33.3,0.3,,0.581,16.3,76.2,0.113,,,,,,,,,,,,,
2015,2,2,2014-11-01,@,ORL,W,108,95,115.5,101.6,93.5,0.578,0.253,0.519,55.6,39.4,4.3,6.6,,0.422,6.3,32.6,0.458,,0.512,13.3,79.5,0.148,,,,,,,,,,,,,
2015,3,3,2014-11-02,@,MIA,L,102,107,112,117.5,91.1,0.494,0.203,0.53,39.4,29.7,8.8,10.9,,0.494,9.4,22,0.304,,0.564,15.6,63.3,0.4,,,,,,,,,,,,,
2015,4,4,2014-11-04,,OKC,W,100,88,111.9,98.4,89.4,0.407,0.383,0.523,48.8,71.9,6.7,6.8,,0.444,9.5,25.5,0.346,,0.569,20,81.8,0.215,,,,,,,,,,,,,
2015,5,5,2014-11-05,@,BOS,W,110,107,116.3,113.2,94.5,0.264,0.184,0.566,30.4,42.9,11.6,7.7,,0.523,6.7,13.6,0.218,,0.577,23.9,51.4,0.218,,,,,,,,,,,,,
2015,6,6,2014-11-07,,WAS,W,103,84,110.3,90,93.4,0.388,0.275,0.55,49.5,54.3,5.4,4.7,,0.494,12.2,22.7,0.3,,0.38,11.8,70.9,0.253,,,,,,,,,,,,,
2015,7,7,2014-11-09,,PHI,W,120,88,120.3,88.2,99.7,0.395,0.224,0.673,55.7,53.5,12,15.1,,0.612,18.3,16.7,0.355,,0.437,15.2,76.1,0.138,,,,,,,,,,,,,
2015,8,8,2014-11-11,,ORL,W,104,100,108.4,104.2,96,0.39,0.273,0.576,50.6,45.7,9.4,1.8,,0.513,11.7,13.2,0.325,,0.556,15.4,85.4,0.123,,,,,,,,,,,,,
2015,9,9,2014-11-13,,CHI,L,93,100,97.9,105.3,95,0.236,0.281,0.473,44.2,48.6,11.6,11.3,,0.438,12.5,27.1,0.169,,0.506,17.3,65.8,0.286,,,,,,,,,,,,,
2015,10,10,2014-11-15,,UTA,W,111,93,127.8,107,86.9,0.274,0.25,0.59,52.5,34.9,6.9,8.5,,0.56,7.8,31.7,0.202,,0.473,11.1,74.4,0.293,,,,,,,,,,,,,
2015,11,11,2014-11-19,,MEM,W,96,92,109.9,105.3,87.4,0.157,0.313,0.541,41.2,63.2,10.3,8.6,,0.512,8.3,16.7,0.133,,0.456,12.4,65.1,0.238,,,,,,,,,,,,,
2015,12,12,2014-11-21,,MIL,W,124,82,134.4,88.9,92.3,0.279,0.291,0.642,65.5,60,8.7,7.4,,0.61,14.2,40.5,0.221,,0.405,12,84,0.297,,,,,,,,,,,,,
2015,13,13,2014-11-22,@,CLE,W,110,93,115.1,97.3,95.6,0.525,0.3,0.558,42.5,62.5,8.4,9.2,,0.45,7.5,18.6,0.475,,0.451,16.1,70.3,0.247,,,,,,,,,,,,,
2015,14,14,2014-11-24,,PHO,W,104,100,108.3,104.1,96,0.39,0.207,0.541,46.8,56.8,9.4,5.9,,0.476,11.1,20.5,0.317,,0.548,18.4,72.5,0.095,,,,,,,,,,,,,
2015,15,15,2014-11-26,@,ATL,W,126,115,135.8,123.9,92.8,0.402,0.354,0.653,52.9,57.1,7.5,12.1,,0.598,10.2,32.4,0.341,,0.573,12.3,73.5,0.256,,,,,,,,,,,,,
2015,16,16,2014-11-28,,DAL,L,102,106,106.1,110.3,96.1,0.176,0.363,0.52,59.8,44.7,7.3,1.7,,0.495,14.8,32.6,0.132,,0.529,7.7,87,0.174,,,,,,,,,,,,,
2015,17,17,2014-11-30,@,LAL,L,122,129,113,119.5,97.8,0.298,0.327,0.519,49.5,55.6,5.6,8.3,,0.476,6.4,25,0.221,,0.542,8.3,76.5,0.26,,,,,,,,,,,,,
2015,18,18,2014-12-02,@,SAC,W,117,109,128.6,119.9,90.9,0.239,0.261,0.602,50.7,50,8.8,4.6,,0.557,11.8,38.2,0.216,,0.54,14.1,62.9,0.373,,,,,,,,,,,,,
2015,19,19,2014-12-03,@,UTA,W,123,104,141.4,119.5,87,0.304,0.266,0.687,51.4,33.3,8,5.1,,0.646,9.1,26.7,0.266,,0.529,7.9,69,0.138,,,,,,,,,,,,,
2015,20,20,2014-12-05,,CLE,L,91,105,102.6,118.4,88.7,0.233,0.279,0.48,45.5,71.4,4.5,6.3,,0.453,10.4,29.8,0.151,,0.542,12.2,63.4,0.167,,,,,,,,,,,,,
2015,21,21,2014-12-08,,DEN,W,112,107,113.1,108.1,89.7,0.358,0.407,0.597,47.3,51.2,4,13.5,,0.562,13,21.1,0.259,,0.462,10.5,65.5,0.106,,,,,,,,,,,,,
2015,22,22,2014-12-09,@,CLE,L,101,105,120.1,124.9,84.1,0.122,0.28,0.584,53,61.9,4.8,5.7,,0.555,14.8,38.7,0.122,,0.551,11.1,65.7,0.228,,,,,,,,,,,,,
2015,23,23,2014-12-12,,IND,W,106,94,114.4,101.5,92.6,0.242,0.286,0.526,57.1,55.3,2.2,5.2,,0.473,9,32.7,0.22,,0.463,11.8,85.7,0.25,,,,,,,,,,,,,
2015,24,24,2014-12-14,@,NYK,W,95,90,97.3,92.2,88.4,0.231,0.308,0.553,49.4,66.7,14.3,4.1,,0.519,21.1,22.5,0.179,,0.429,19.6,73.3,0.295,,,,,,,,,,,,,
2015,25,25,2014-12-15,,ORL,W,95,82,108.7,93.9,87.4,0.181,0.361,0.53,52,67.6,9.2,6.8,,0.512,10.9,28.6,0.12,,0.514,19.7,81.8,0.081,,,,,,,,,,,,,
2015,26,26,2014-12-17,,BRK,W,105,89,121.7,103.1,86.3,0.238,0.25,0.594,49.4,58.5,7,7.4,,0.575,9.2,27.5,0.163,,0.488,12.5,68.9,0.123,,,,,,,,,,,,,
2015,27,27,2014-12-19,@,DET,W,110,100,115,104.6,95.6,0.273,0.307,0.558,49,57.1,4.2,7.2,,0.523,7.5,20.5,0.205,,0.479,9.9,73.1,0.106,,,,,,,,,,,,,
2015,28,28,2014-12-21,,NYK,W,118,108,130.3,119.3,90.5,0.314,0.384,0.603,57.3,57.1,7.7,5.9,,0.57,9.3,40,0.233,,0.518,10.5,77.1,0.28,,,,,,,,,,,,,
2015,29,29,2014-12-22,@,CHI,L,120,129,125.9,135.4,95.3,0.32,0.3,0.526,47.4,34.1,10.5,4.8,,0.485,5.8,38.3,0.23,,0.581,13.7,61.3,0.581,,,,,,,,,,,,,
2015,30,30,2014-12-27,@,LAC,W,110,98,121.9,108.6,90.2,0.221,0.395,0.583,50,61,7.8,1.8,,0.552,8.7,26.1,0.174,,0.531,13.8,77.5,0.148,,,,,,,,,,,,,
2015,31,31,2014-12-28,@,DEN,W,116,102,124.3,109.3,93.3,0.364,0.261,0.568,47.3,53.5,4.3,7.1,,0.545,5.6,27.7,0.227,,0.448,8.9,67.4,0.276,,,,,,,,,,,,,
2015,32,32,2014-12-30,@,POR,L,97,102,98.7,103.8,89,0.152,0.222,0.459,49,35,10.2,3.4,,0.424,8.7,26.5,0.131,,0.463,12,70.6,0.147,,,,,,,,,,,,,
2015,33,33,2015-01-02,@,GSW,L,105,126,111.1,133.3,94.5,0.233,0.291,0.554,45.1,57.5,7.4,1.6,,0.523,13.7,26.2,0.174,,0.598,8.2,65,0.174,,,,,,,,,,,,,
2015,34,34,2015-01-04,@,PHO,L,109,125,102.8,117.9,106.1,0.349,0.313,0.569,51.2,57.9,8.5,6.1,,0.512,17.3,21.4,0.289,,0.584,13.6,81,0.236,,,,,,,,,,,,,
2015,35,35,2015-01-08,,CHO,L,95,103,99,107.3,96,0.301,0.373,0.505,47.7,60.6,2.1,9.7,,0.458,13,17.8,0.229,,0.5,7.6,79.1,0.17,,,,,,,,,,,,,
2015,36,36,2015-01-10,,BOS,W,109,96,112.3,98.9,97.1,0.209,0.33,0.549,52.7,56.1,8.2,15.4,,0.522,11.6,30.6,0.154,,0.506,16.4,78.6,0.145,,,,,,,,,,,,,
2015,37,37,2015-01-12,,DET,L,111,114,113.5,116.6,97.8,0.161,0.31,0.596,47.7,61.7,4.1,9.3,,0.58,16.2,25.6,0.115,,0.464,6.8,65.3,0.26,,,,,,,,,,,,,
2015,38,38,2015-01-14,,PHI,W,100,84,105.3,88.4,95,0.268,0.354,0.545,52.1,68.4,7.4,3.3,,0.524,15.6,22.7,0.171,,0.406,11.4,78,0.238,,,,,,,,,,,,,
2015,39,39,2015-01-16,,ATL,L,89,110,99.5,123,89.4,0.207,0.305,0.497,52.2,57.1,7.8,6.5,,0.463,16,30,0.159,,0.696,18.3,85.2,0.203,,,,,,,,,,,,,
2015,40,40,2015-01-18,,NOP,L,93,95,100.6,102.7,92.5,0.403,0.347,0.549,47.4,58.1,9.7,7.7,,0.479,15,18.9,0.333,,0.506,15.8,73.2,0.146,,,,,,,,,,,,,
2015,41,41,2015-01-19,@,MIL,W,92,89,100.3,97.1,91.7,0.267,0.267,0.457,55.7,47.2,9.8,8.6,,0.433,13,38.5,0.156,,0.48,15.5,75.6,0.211,,,,,,,,,,,,,
2015,42,42,2015-01-21,@,MEM,L,86,92,97,103.7,88.7,0.376,0.329,0.434,52.6,51.9,6.8,9,,0.347,12.4,36.8,0.318,,0.466,13,76.3,0.311,,,,,,,,,,,,,
2015,43,43,2015-01-23,@,PHI,W,91,86,102.6,97,88.7,0.3,0.3,0.502,46.7,57.6,12.4,9.6,,0.45,13.4,28.3,0.238,,0.438,16.8,65.9,0.185,,,,,,,,,,,,,
2015,44,44,2015-01-25,,DET,W,114,110,119.6,115.4,95.4,0.358,0.185,0.608,45.7,53.5,9.4,8.9,,0.562,7.9,16.7,0.284,,0.522,12.3,68.9,0.178,,,,,,,,,,,,,
2015,45,45,2015-01-27,@,IND,W,104,91,115,100.6,90.4,0.466,0.356,0.591,49.4,61.8,10,9.4,,0.527,10.2,20,0.37,,0.457,13.2,75.6,0.195,,,,,,,,,,,,,
2015,46,46,2015-01-28,,SAC,W,119,102,126.2,108.2,94.3,0.226,0.405,0.644,55.7,67.4,12.7,7.1,,0.613,14.8,30.6,0.19,,0.527,16.5,82.4,0.342,,,,,,,,,,,,,
2015,47,47,2015-01-30,@,BRK,W,127,122,123.2,118.3,93.4,0.326,0.283,0.604,47.4,46.8,4.8,3.7,,0.549,7.9,20,0.283,,0.505,5.9,72,0.198,,,,,,,,,,,,,
2015,48,48,2015-01-31,@,WAS,W,120,116,115,111.2,94.5,0.341,0.295,0.593,45.9,59.1,6.7,14.5,,0.563,11.4,17.6,0.239,,0.532,18.5,70,0.405,,,,,,,,,,,,,
2015,49,49,2015-02-02,,MIL,L,75,82,84.7,92.6,88.5,0.282,0.346,0.428,51.1,56,7.9,4.7,,0.365,14.6,26,0.231,,0.456,12.1,82.5,0.113,,,,,,,,,,,,,
2015,50,50,2015-02-04,,BRK,L,93,109,108.8,127.5,85.5,0.228,0.418,0.535,49.4,62.9,3.5,6.5,,0.506,9.4,23.7,0.165,,0.549,8.1,74.4,0.247,,,,,,,,,,,,,
2015,51,51,2015-02-06,,LAC,W,123,107,136.5,118.8,90.1,0.493,0.4,0.674,58.3,62.5,7.8,1.8,,0.62,10.8,30.3,0.4,,0.526,8,82.1,0.321,,,,,,,,,,,,,
2015,52,52,2015-02-08,,SAS,W,87,82,95.3,89.9,91.3,0.324,0.176,0.514,48,56.3,12.1,10.8,,0.459,14.2,15.8,0.257,,0.371,12.3,67.7,0.14,,,,,,,,,,,,,
2015,53,53,2015-02-11,,WAS,W,95,93,105.7,103.5,89.9,0.342,0.342,0.543,42.5,54.8,10,7.8,,0.48,12.9,20.5,0.289,,0.488,14.8,65.1,0.118,,,,,,,,,,,,,
2015,54,54,2015-02-20,@,ATL,W,105,80,108.4,82.6,96.9,0.083,0.313,0.528,50,62.8,15.5,18,,0.516,11.6,30,0.063,,0.375,18.5,68.5,0.159,,,,,,,,,,,,,
2015,55,55,2015-02-21,@,HOU,L,76,98,72.7,93.7,104.5,0.364,0.234,0.425,42.9,48,16.3,9.1,,0.351,20.5,14.6,0.286,,0.452,19.1,74.4,0.262,,,,,,,,,,,,,
2015,56,56,2015-02-23,@,NOP,L,97,100,110.2,113.6,88.1,0.369,0.274,0.497,45.5,37.1,13.6,3.6,,0.446,7.6,30.8,0.262,,0.577,16.7,66.7,0.128,,,,,,,,,,,,,
2015,57,57,2015-02-24,@,DAL,L,92,99,95.1,102.3,96.8,0.131,0.31,0.518,48.1,44.7,10.3,6.7,,0.506,16.8,17.9,0.083,,0.532,17.9,78.9,0.19,,,,,,,,,,,,,
2015,58,58,2015-02-27,,GSW,L,89,113,91.2,115.8,97.6,0.364,0.286,0.498,47.2,48.4,6.1,5.1,,0.429,17.5,17.4,0.299,,0.557,11.2,79.1,0.184,,,,,,,,,,,,,
2015,59,59,2015-02-28,@,NYK,L,98,103,105.9,111.3,92.5,0.346,0.358,0.525,47.6,47.1,7.6,7.1,,0.469,11.4,21.7,0.272,,0.487,10.7,78.9,0.4,,,,,,,,,,,,,
2015,60,60,2015-03-02,@,PHI,W,114,103,129.1,116.6,88.3,0.3,0.338,0.629,50,58.5,6.8,10.3,,0.581,9,27.8,0.263,,0.577,14.8,72.2,0.167,,,,,,,,,,,,,
2015,61,61,2015-03-04,,CLE,L,112,120,127.2,136.3,88,0.215,0.266,0.648,49.3,55.8,5.7,7.1,,0.608,8.5,21.2,0.203,,0.609,8.8,75,0.321,,,,,,,,,,,,,
2015,62,62,2015-03-06,@,CHO,L,94,103,98.8,108.3,95.1,0.165,0.242,0.482,36.4,56.8,5.3,7.7,,0.445,4.9,10,0.143,,0.5,13.8,71.1,0.212,,,,,,,,,,,,,
2015,63,63,2015-03-08,@,OKC,L,104,108,110.5,114.7,94.1,0.092,0.276,0.51,40.2,57.1,12.7,4.9,,0.485,7.3,25,0.092,,0.549,16.2,61.8,0.22,,,,,,,,,,,,,
2015,64,64,2015-03-10,@,SAS,L,107,117,115.4,126.2,92.7,0.186,0.268,0.51,50.5,44.2,6.5,7.5,,0.485,7.9,36,0.134,,0.547,10.1,68.3,0.282,,,,,,,,,,,,,
2015,65,65,2015-03-13,,MIA,W,102,92,102.2,92.2,99.8,0.392,0.418,0.551,49.4,76.5,12,8.9,,0.506,15.5,19.6,0.278,,0.475,18.3,82.9,0.215,,,,,,,,,,,,,
2015,66,66,2015-03-15,,POR,L,97,113,103.9,121,93.4,0.295,0.231,0.55,53.2,54.1,5.4,5.3,,0.506,14.5,23.1,0.231,,0.599,9.7,82.5,0.116,,,,,,,,,,,,,
2015,67,67,2015-03-16,@,IND,W,117,98,119.7,100.3,97.7,0.402,0.28,0.606,58.6,48.7,3.1,5.8,,0.549,10.2,17.9,0.329,,0.443,3.9,91.7,0.227,,,,,,,,,,,,,
2015,68,68,2015-03-18,,MIN,W,105,100,110.4,105.2,95.1,0.342,0.367,0.578,46.4,71.4,6.3,4.3,,0.519,11.7,19.5,0.291,,0.517,16.1,72.1,0.115,,,,,,,,,,,,,
2015,69,69,2015-03-20,@,CHI,L,92,108,111.1,130.4,82.8,0.329,0.316,0.509,43.4,66.7,7.2,7.8,,0.443,6.2,26.1,0.278,,0.589,12.2,64.9,0.19,,,,,,,,,,,,,
2015,70,70,2015-03-22,,NYK,W,106,89,116.6,97.9,90.9,0.387,0.147,0.604,53.7,56.4,4.4,1.5,,0.547,15.4,23.5,0.32,,0.464,10.8,75,0.131,,,,,,,,,,,,,
2015,71,71,2015-03-24,@,DET,L,104,108,121.7,126.4,85.4,0.387,0.307,0.593,50.6,54.3,2.3,6.3,,0.513,12,35.3,0.36,,0.495,6.3,60.8,0.172,,,,,,,,,,,,,
2015,72,72,2015-03-25,,CHI,L,103,116,119.7,134.9,86,0.229,0.253,0.564,53,41,7,2,,0.524,7.1,25.6,0.193,,0.689,8.9,92.6,0.189,,,,,,,,,,,,,
2015,73,73,2015-03-27,,LAL,W,94,83,108.9,96.2,86.3,0.28,0.24,0.558,46.5,69.4,9.3,6,,0.527,10.6,21.1,0.2,,0.369,11,66.7,0.25,,,,,,,,,,,,,
2015,74,74,2015-03-30,,HOU,W,99,96,106.1,102.9,93.3,0.346,0.282,0.551,53.9,57.1,9.6,12.3,,0.5,14.3,29.3,0.269,,0.464,11.7,75,0.214,,,,,,,,,,,,,
2015,75,75,2015-04-01,@,MIN,W,113,99,127.1,111.4,88.9,0.303,0.395,0.656,51.5,59.5,9,4.8,,0.638,12.2,24.2,0.211,,0.565,13.2,78.8,0.156,,,,,,,,,,,,,
2015,76,76,2015-04-03,@,BRK,L,109,114,122.5,128.1,89,0.28,0.317,0.592,49.4,57.1,5.6,1.4,,0.561,13.2,35.1,0.207,,0.551,7.5,61.4,0.193,,,,,,,,,,,,,
2015,77,77,2015-04-04,,BOS,L,116,117,109.5,110.5,95.9,0.458,0.277,0.582,51.1,37.5,6.6,5.6,,0.518,13.8,22,0.361,,0.526,12.3,75.5,0.155,,,,,,,,,,,,,
2015,78,78,2015-04-08,@,CHO,W,92,74,112.2,90.2,82,0.247,0.351,0.539,57.3,60.6,6.1,15.3,,0.506,9.5,25.7,0.182,,0.407,8.5,80.9,0.099,,,,,,,,,,,,,
2015,79,79,2015-04-10,@,ORL,W,101,99,108.1,106,93.4,0.16,0.319,0.502,50,56.4,8.6,1.4,,0.463,13,34.7,0.149,,0.5,14.6,67.4,0.112,,,,,,,,,,,,,
2015,80,80,2015-04-11,@,MIA,W,107,104,118.9,115.5,90,0.446,0.313,0.539,50,34.3,7.8,4.9,,0.476,6.6,31.3,0.337,,0.494,6.5,69.6,0.296,,,,,,,,,,,,,
2015,81,81,2015-04-14,@,BOS,L,93,95,95.1,97.1,97.8,0.25,0.3,0.524,46.2,48.6,9.2,12.5,,0.494,16.9,17.5,0.175,,0.414,11.7,67.9,0.131,,,,,,,,,,,,,
2015,82,82,2015-04-15,,CHO,W,92,87,113.1,107,81.3,0.052,0.429,0.584,47.1,71.1,9.8,7.9,,0.571,12.3,15.2,0.052,,0.507,13.3,77.1,0.211,,,,,,,,,,,,,
2014,1,1,2013-10-30,,BOS,W,93,87,101.6,95.1,91.5,0.267,0.198,0.484,59.3,39.5,9.8,11.3,,0.471,15,42.2,0.14,,0.508,21.8,80.6,0.303,,,,,,,,,,,,,
2014,2,2,2013-11-01,@,ATL,L,95,102,101.4,108.9,93.6,0.159,0.261,0.504,53.2,37.5,5.3,11.1,,0.494,11.3,25,0.091,,0.532,12.5,82.1,0.26,,,,,,,,,,,,,
2014,3,3,2013-11-02,@,MIL,W,97,90,102.1,94.7,95,0.487,0.295,0.512,61.2,61.3,6.3,0,,0.442,15.2,36,0.359,,0.476,12.4,87.5,0.119,,,,,,,,,,,,,
2014,4,4,2013-11-05,,MIA,L,95,104,109.4,119.7,86.9,0.458,0.292,0.549,51.3,48.4,4.6,1.7,,0.472,14.8,31.7,0.375,,0.554,11,73,0.145,,,,,,,,,,,,,
2014,5,5,2013-11-06,@,CHA,L,90,92,108.6,111.1,82.8,0.19,0.203,0.526,50.7,51.4,2.4,5.2,,0.487,12.3,28.9,0.165,,0.514,8.5,73,0.233,,,,,,,,,,,,,
2014,6,6,2013-11-08,@,IND,L,84,91,97.3,105.4,86.3,0.198,0.222,0.477,52.5,50,8.1,10.5,,0.432,14.6,34.1,0.173,,0.5,15,75,0.167,,,,,,,,,,,,,
2014,7,7,2013-11-09,,UTA,W,115,91,129.7,102.6,88.7,0.349,0.301,0.6,51.9,57.5,9,6.8,,0.542,11.1,34.2,0.301,,0.461,13.8,69.2,0.26,,,,,,,,,,,,,
2014,8,8,2013-11-11,@,HOU,L,104,110,92.8,98.2,92.7,0.237,0.219,0.413,46.4,26.3,10.7,8.6,,0.368,9.4,30.3,0.175,,0.482,18,70.5,0.345,,,,,,,,,,,,,
2014,9,9,2013-11-13,@,MEM,W,103,87,115.7,97.7,89,0.582,0.224,0.612,48.1,45.2,13.5,9.8,,0.522,13.4,23.7,0.493,,0.463,16,71.8,0.134,,,,,,,,,,,,,
2014,10,10,2013-11-15,,CHI,L,80,96,86.8,104.1,92.2,0.268,0.256,0.436,47.3,65.5,8.7,9.4,,0.384,14.9,22.9,0.207,,0.494,14.5,74.4,0.213,,,,,,,,,,,,,
2014,11,11,2013-11-17,,POR,L,110,118,105.3,112.9,94.6,0.33,0.181,0.511,52.6,40.5,5.7,4.5,,0.463,12.9,32.6,0.245,,0.52,12.2,70.6,0.152,,,,,,,,,,,,,
2014,12,12,2013-11-20,@,PHI,W,108,98,110.1,99.9,98.1,0.326,0.337,0.549,45.1,66.7,7.1,16.1,,0.5,9.2,18,0.256,,0.493,18.2,78,0.303,,,,,,,,,,,,,
2014,13,13,2013-11-22,,WAS,W,96,88,105.7,96.9,90.8,0.295,0.231,0.545,54.1,59.5,5.5,11.6,,0.506,13.7,30.2,0.218,,0.453,13.2,78.6,0.116,,,,,,,,,,,,,
2014,14,14,2013-11-26,,BRK,L,100,102,111.9,114.1,89.4,0.282,0.333,0.57,46.6,52.9,4.5,1.6,,0.506,14.6,24.3,0.269,,0.532,14.8,69.4,0.26,,,,,,,,,,,,,
2014,15,15,2013-11-29,,MIA,L,83,90,88.2,95.6,94.1,0.438,0.411,0.477,54.4,57.1,8.5,9.3,,0.438,16.3,23.3,0.26,,0.533,18.9,91.7,0.118,,,,,,,,,,,,,
2014,16,16,2013-12-01,,DEN,L,98,112,104.2,119.1,94,0.299,0.253,0.498,47.2,51.4,8.5,9.4,,0.448,11.7,29.8,0.23,,0.563,13.6,66.7,0.161,,,,,,,,,,,,,
2014,17,17,2013-12-03,@,GSW,L,103,112,112.3,122.1,91.7,0.234,0.26,0.606,51.4,42.5,6.5,4,,0.571,17.5,25,0.195,,0.582,11.8,76.3,0.253,,,,,,,,,,,,,
2014,18,18,2013-12-06,@,PHO,L,97,106,106.4,116.3,91.2,0.287,0.218,0.495,40.4,42.9,7.7,8.5,,0.431,7.5,23.9,0.253,,0.506,14.3,58.1,0.28,,,,,,,,,,,,,
2014,19,19,2013-12-08,@,LAL,W,106,94,110.3,97.8,96.1,0.305,0.317,0.57,48.7,47.5,11.4,7.8,,0.512,10.6,15.8,0.268,,0.487,17.8,80,0.215,,,,,,,,,,,,,
2014,20,20,2013-12-10,,SAS,L,103,116,109.9,123.8,93.7,0.229,0.277,0.564,51.4,60.5,6.4,5.1,,0.518,15.7,28.2,0.205,,0.628,13.6,77.1,0.159,,,,,,,,,,,,,
2014,21,21,2013-12-13,,PHI,W,108,100,112.4,104.1,96.1,0.293,0.305,0.583,52.8,61.5,8.3,8.2,,0.537,13.9,25,0.244,,0.494,15.4,75.5,0.202,,,,,,,,,,,,,
2014,22,22,2013-12-14,@,CHI,W,99,77,106.6,82.9,92.9,0.217,0.181,0.544,51.2,65,5.4,16.2,,0.512,10.8,18.4,0.169,,0.395,14.1,78.3,0.105,,,,,,,,,,,,,
2014,23,23,2013-12-18,,CHA,L,102,104,98.9,100.8,93.4,0.208,0.271,0.487,55.6,53.7,9.7,6.1,,0.458,12.5,32.7,0.146,,0.506,17.2,82.9,0.272,,,,,,,,,,,,,
2014,24,24,2013-12-20,@,DAL,W,109,108,111.5,110.4,88.6,0.198,0.231,0.551,50.5,40.5,9.2,4.3,,0.522,13.2,29.2,0.154,,0.56,13.6,74.4,0.066,,,,,,,,,,,,,
2014,25,25,2013-12-22,@,OKC,W,104,98,107.2,101,97.1,0.319,0.22,0.501,47.2,61.1,7.2,3.8,,0.44,11.1,26.1,0.264,,0.414,17.1,69.8,0.461,,,,,,,,,,,,,
2014,26,26,2013-12-23,@,SAS,L,99,112,105.2,119,94.1,0.309,0.259,0.538,44.4,56.8,4.2,7.4,,0.5,12.4,24.4,0.222,,0.5,11.2,64.4,0.231,,,,,,,,,,,,,
2014,27,27,2013-12-27,@,NYK,W,95,83,107.9,94.3,88,0.452,0.384,0.543,54.3,67.7,6.8,6.7,,0.493,15.5,34.1,0.315,,0.443,15.3,72.9,0.165,,,,,,,,,,,,,
2014,28,28,2013-12-28,,NYK,W,115,100,122.7,106.7,93.7,0.425,0.4,0.606,54.9,63.9,8.5,6.8,,0.544,12.8,30.2,0.35,,0.531,13.6,82.1,0.188,,,,,,,,,,,,,
2014,29,29,2013-12-31,@,CHI,W,85,79,92.4,85.9,92,0.449,0.203,0.514,49.4,55.2,5.4,8.2,,0.449,15.4,16.3,0.333,,0.378,14.1,80.4,0.207,,,,,,,,,,,,,
2014,30,30,2014-01-01,,IND,W,95,82,100.8,87,94.3,0.295,0.244,0.539,52,79.4,12.7,6.7,,0.481,16.2,23.7,0.256,,0.466,21,81.1,0.176,,,,,,,,,,,,,
2014,31,31,2014-01-03,@,WAS,W,101,88,119.3,103.9,84.7,0.165,0.278,0.596,44,72.5,9.4,5.7,,0.576,12.4,27.8,0.127,,0.439,16,59,0.195,,,,,,,,,,,,,
2014,32,32,2014-01-05,@,MIA,L,97,102,110,115.7,88.2,0.273,0.286,0.562,44.7,61.5,5.7,10,,0.552,13.1,20,0.156,,0.488,9.7,65.9,0.284,,,,,,,,,,,,,
2014,33,33,2014-01-07,@,IND,L,79,86,87.9,95.7,89.9,0.222,0.235,0.444,40.4,60,7.8,6.3,,0.401,9.2,10.6,0.173,,0.433,14.8,73.8,0.28,,,,,,,,,,,,,
2014,34,34,2014-01-08,,DET,W,112,91,111.1,90.3,100.8,0.395,0.36,0.555,53.9,71.4,5,14.3,,0.471,10.6,25,0.36,,0.419,12.9,79.6,0.221,,,,,,,,,,,,,
2014,35,35,2014-01-11,,BRK,W,96,80,112.6,93.8,85.3,0.354,0.316,0.526,55.7,50,9.4,12,,0.475,11.6,34.8,0.266,,0.453,14.4,78.6,0.16,,,,,,,,,,,,,
2014,36,36,2014-01-13,,MIL,W,116,94,129.3,104.8,89.7,0.38,0.291,0.629,53.5,65,10,4.7,,0.582,13.2,39,0.304,,0.476,14.7,66.7,0.181,,,,,,,,,,,,,
2014,37,37,2014-01-15,@,BOS,L,83,88,95.8,101.6,86.6,0.321,0.308,0.466,43.1,73.3,5.8,4.5,,0.455,12.7,25,0.154,,0.369,8.3,62,0.31,,,,,,,,,,,,,
2014,38,38,2014-01-17,,MIN,W,94,89,110.3,104.4,85.2,0.256,0.308,0.541,49.4,76.5,7,3.1,,0.506,11.2,27.3,0.192,,0.457,9.9,72.1,0.171,,,,,,,,,,,,,
2014,39,39,2014-01-19,,LAL,L,106,112,115.3,121.8,91.9,0.122,0.333,0.559,60.3,68.2,6.5,6.9,,0.539,12.1,34.2,0.1,,0.538,8.9,85,0.325,,,,,,,,,,,,,
2014,40,40,2014-01-20,@,CHA,L,95,100,104.6,110.1,90.9,0.105,0.305,0.478,56,48.7,8.8,6.1,,0.463,10.8,30.9,0.074,,0.562,14.1,94.4,0.415,,,,,,,,,,,,,
2014,41,41,2014-01-22,,DAL,W,93,85,102.4,93.6,90.8,0.421,0.303,0.516,54.8,62.5,12.1,1.9,,0.467,12.6,25.7,0.289,,0.514,21,81.6,0.137,,,,,,,,,,,,,
2014,42,42,2014-01-24,@,PHI,W,104,95,110.2,100.7,94.3,0.262,0.238,0.555,55.8,70,4.2,8.7,,0.524,13.8,28.9,0.19,,0.461,9.4,80,0.146,,,,,,,,,,,,,
2014,43,43,2014-01-25,,LAC,L,118,126,132.4,141.4,89.1,0.514,0.392,0.65,56.8,66.7,4.5,1.6,,0.581,13.4,38.5,0.432,,0.619,5.9,77.1,0.262,,,,,,,,,,,,,
2014,44,44,2014-01-27,@,BRK,W,104,103,107.4,106.4,96.8,0.329,0.278,0.575,54.4,56.8,8.3,5.7,,0.525,16.6,24.4,0.266,,0.552,16.4,86.8,0.234,,,,,,,,,,,,,
2014,45,45,2014-01-29,,ORL,W,98,83,109.9,93.1,89.1,0.149,0.356,0.528,58.1,70.3,5.6,4.6,,0.506,13.1,31,0.115,,0.369,5.9,80.4,0.25,,,,,,,,,,,,,
2014,46,46,2014-01-31,@,DEN,W,100,90,102.9,92.6,97.2,0.235,0.247,0.533,44.9,64.9,10.3,11.9,,0.482,13,19.6,0.212,,0.5,22.5,72.1,0.125,,,,,,,,,,,,,
2014,47,47,2014-02-01,@,POR,L,103,106,108.6,111.8,94.8,0.287,0.23,0.526,47.5,67.5,2.1,5.2,,0.494,10.9,22.5,0.195,,0.513,13.3,72.5,0.368,,,,,,,,,,,,,
2014,48,48,2014-02-03,@,UTA,W,94,79,117.9,99,79.8,0.19,0.25,0.516,53,56.8,8.8,4.9,,0.476,6.2,34.9,0.167,,0.429,11.6,72.5,0.154,,,,,,,,,,,,,
2014,49,49,2014-02-05,@,SAC,L,101,109,109.7,118.4,92.1,0.286,0.298,0.534,51.8,69.4,7.6,8.7,,0.488,15.2,38.1,0.226,,0.42,8.8,65.1,0.506,,,,,,,,,,,,,
2014,50,50,2014-02-07,@,LAC,L,105,118,111.9,125.8,93.8,0.471,0.306,0.512,49.4,64.7,7.5,4.3,,0.441,8.1,31.4,0.353,,0.57,11.2,73.7,0.521,,,,,,,,,,,,,
2014,51,51,2014-02-10,,NOP,W,108,101,119.5,111.8,90.4,0.434,0.316,0.597,50,61.1,6.6,4.6,,0.539,10.8,25,0.342,,0.545,13.7,75,0.221,,,,,,,,,,,,,
2014,52,52,2014-02-12,,ATL,W,104,83,112.8,90,92.2,0.234,0.351,0.502,51.1,57.9,8.7,5.2,,0.463,6.3,28.8,0.181,,0.41,14.5,80,0.244,,,,,,,,,,,,,
2014,53,53,2014-02-18,@,WAS,W,103,93,114,103,90.3,0.203,0.216,0.639,42,59.5,10,7.6,,0.615,15.7,7.7,0.162,,0.494,15.1,62.8,0.16,,,,,,,,,,,,,
2014,54,54,2014-02-19,,CHI,L,92,94,106.4,108.7,86.4,0.277,0.205,0.494,46.5,45.7,8.1,6.7,,0.44,9.7,28.6,0.229,,0.549,16.5,72.4,0.208,,,,,,,,,,,,,
2014,55,55,2014-02-21,,CLE,W,98,91,110,102.1,89.1,0.14,0.226,0.496,47.2,57.5,9,6.5,,0.468,7.5,28.6,0.118,,0.427,12.9,63.8,0.256,,,,,,,,,,,,,
2014,56,56,2014-02-23,,ORL,W,105,90,112.9,96.7,93,0.554,0.262,0.649,61,67.6,4.3,5.5,,0.592,22.1,28.1,0.431,,0.443,8.7,82,0.149,,,,,,,,,,,,,
2014,57,57,2014-02-25,@,CLE,W,99,93,110.8,104.1,89.4,0.304,0.405,0.553,47.6,77.1,5.6,9,,0.506,13.5,25.6,0.241,,0.435,11.3,67.4,0.238,,,,,,,,,,,,,
2014,58,58,2014-02-27,,WAS,L,129,134,109.3,113.6,89.9,0.36,0.3,0.557,46.7,64.4,8.5,5.8,,0.51,12.8,22,0.27,,0.495,10.1,68.4,0.25,,,,,,,,,,,,,
2014,59,59,2014-03-02,,GSW,W,104,98,118.4,111.6,87.8,0.291,0.278,0.583,48.8,73.7,6.8,4.6,,0.532,9.2,26.5,0.253,,0.466,11.8,65.2,0.182,,,,,,,,,,,,,
2014,60,60,2014-03-07,,SAC,W,99,87,108.2,95.1,91.5,0.384,0.288,0.58,48.7,61.8,9.8,11.3,,0.534,12.3,16.7,0.288,,0.451,16.1,77.5,0.306,,,,,,,,,,,,,
2014,61,61,2014-03-09,@,MIN,W,111,104,118.8,111.3,93.4,0.408,0.316,0.619,55.8,59.5,3.2,7.9,,0.579,17.5,35.3,0.303,,0.468,8,69.2,0.158,,,,,,,,,,,,,
2014,62,62,2014-03-10,@,BRK,L,97,101,113.1,117.7,85.8,0.338,0.324,0.595,55.2,54.3,8.2,12,,0.535,12.8,24.1,0.296,,0.564,14.3,78.9,0.314,,,,,,,,,,,,,
2014,63,63,2014-03-12,,DET,W,101,87,106,91.3,95.3,0.284,0.227,0.51,58.1,51.4,9.4,5.4,,0.466,13.9,33.3,0.216,,0.494,15.3,81.3,0.128,,,,,,,,,,,,,
2014,64,64,2014-03-14,,MEM,W,99,86,113.9,99,86.9,0.31,0.239,0.614,50.7,63.9,10.4,1.5,,0.57,16.5,25.8,0.254,,0.459,15.7,70,0.243,,,,,,,,,,,,,
2014,65,65,2014-03-16,,PHO,L,113,121,114,122.1,99.1,0.294,0.271,0.589,36.6,64.3,12.1,5.8,,0.535,10.3,10.8,0.259,,0.58,18.6,64.7,0.453,,,,,,,,,,,,,
2014,66,66,2014-03-18,@,ATL,L,113,118,112.6,117.6,90.9,0.358,0.296,0.603,55.6,52.5,2,5,,0.537,13.8,21.1,0.321,,0.484,6.1,80.8,0.287,,,,,,,,,,,,,
2014,67,67,2014-03-19,@,NOP,W,107,100,123.6,115.5,86.6,0.372,0.256,0.535,58.5,55.6,9.2,9.3,,0.471,9.9,43.1,0.302,,0.567,12.9,83.9,0.358,,,,,,,,,,,,,
2014,68,68,2014-03-21,,OKC,L,118,119,102.2,103,95.6,0.327,0.287,0.511,54.8,41.5,8.7,12.9,,0.446,13.5,26.9,0.277,,0.449,10.9,82.7,0.316,,,,,,,,,,,,,
2014,69,69,2014-03-23,,ATL,W,96,86,104.3,93.4,92.1,0.35,0.3,0.52,54.2,50,13,7.1,,0.475,14.8,28.6,0.25,,0.467,15.9,80.5,0.197,,,,,,,,,,,,,
2014,70,70,2014-03-25,@,CLE,L,100,102,112.3,114.6,89,0.295,0.364,0.503,43.7,85.7,6.7,5.3,,0.477,6.6,25,0.182,,0.543,14.2,71.4,0.371,,,,,,,,,,,,,
2014,71,71,2014-03-26,@,BOS,W,99,90,111.4,101.2,88.9,0.225,0.288,0.563,57.1,47.2,4.5,5.3,,0.519,15.4,28.2,0.2,,0.462,9.2,82.2,0.215,,,,,,,,,,,,,
2014,72,72,2014-03-28,,BOS,W,105,103,116.9,114.7,89.8,0.256,0.233,0.549,51.4,57.5,11.1,8.6,,0.494,9.5,31.6,0.233,,0.566,15.9,75,0.224,,,,,,,,,,,,,
2014,73,73,2014-03-30,@,ORL,W,98,93,113,107.2,86.8,0.37,0.26,0.577,47.6,39.4,10.4,4,,0.493,14.2,22.9,0.356,,0.601,19.3,78.6,0.145,,,,,,,,,,,,,
2014,74,74,2014-03-31,@,MIA,L,83,93,100.1,112.2,82.9,0.143,0.371,0.558,45.5,48.6,8.4,2.4,,0.557,15.8,14.3,0.071,,0.568,16.5,80.6,0.273,,,,,,,,,,,,,
2014,75,75,2014-04-02,,HOU,W,107,103,106.1,102.2,100.8,0.52,0.333,0.581,43.4,58.8,6.9,4.9,,0.52,12.4,7.5,0.387,,0.466,13,76.7,0.253,,,,,,,,,,,,,
2014,76,76,2014-04-04,,IND,W,102,94,112.9,104.1,90.3,0.19,0.262,0.56,51.9,57.5,6.6,7.5,,0.536,10.8,22.5,0.143,,0.462,10,80.5,0.282,,,,,,,,,,,,,
2014,77,77,2014-04-05,@,MIL,W,102,98,121.1,116.3,84.2,0.272,0.333,0.562,51.3,55.6,5.9,2.9,,0.519,9,32.4,0.222,,0.487,9,69.2,0.266,,,,,,,,,,,,,
2014,78,78,2014-04-09,,PHI,W,125,114,137.6,125.5,90.9,0.451,0.305,0.636,49.3,61,2.2,10.9,,0.573,6.6,27,0.378,,0.565,7.8,73.5,0.212,,,,,,,,,,,,,
2014,79,79,2014-04-11,,NYK,L,100,108,114.5,123.6,87.3,0.408,0.434,0.558,51.9,53.3,2.3,8.2,,0.493,13.5,30.4,0.329,,0.521,8.3,80,0.438,,,,,,,,,,,,,
2014,80,80,2014-04-13,@,DET,W,116,107,120.9,111.5,95.9,0.432,0.284,0.602,42.1,56.4,8.3,9.4,,0.537,8.5,19,0.358,,0.446,11.8,60.4,0.381,,,,,,,,,,,,,
2014,81,81,2014-04-14,,MIL,W,110,100,121.6,110.6,90.4,0.321,0.395,0.595,59,65.8,12.2,0,,0.556,12.3,36.6,0.247,,0.562,15.9,83.8,0.247,,,,,,,,,,,,,
2014,82,82,2014-04-16,@,NYK,L,92,95,97.1,100.3,94.8,0.225,0.363,0.523,57.1,55.6,9.5,3.1,,0.506,21.4,32.4,0.138,,0.506,15.2,76.6,0.16,,,,,,,,,,,,,
2013,1,1,2012-10-31,,IND,L,88,90,96.6,98.8,91.1,0.209,0.187,0.443,47.7,54.5,13.2,11.9,,0.396,9.1,28.8,0.176,,0.506,17.5,75,0.141,,,,,,,,,,,,,
2013,2,2,2012-11-03,@,BRK,L,100,107,102.3,109.4,97.8,0.305,0.22,0.538,47.4,62.2,8.2,7.6,,0.494,13.1,23.8,0.232,,0.494,14.9,75,0.333,,,,,,,,,,,,,
2013,3,3,2012-11-04,,MIN,W,105,86,117.3,96,89.5,0.189,0.233,0.539,52,45,10.1,6.3,,0.5,10.1,36.4,0.167,,0.5,23.6,74.2,0.344,,,,,,,,,,,,,
2013,4,4,2012-11-06,@,OKC,L,88,108,89,109.3,98.8,0.298,0.357,0.463,44.6,53.3,11.1,4.1,,0.399,15.2,17,0.25,,0.534,16,80.6,0.392,,,,,,,,,,,,,
2013,5,5,2012-11-07,@,DAL,L,104,109,114.8,120.3,90.6,0.383,0.272,0.549,44.7,58.3,7.7,1.6,,0.475,7.8,24.4,0.333,,0.512,10,63.6,0.274,,,,,,,,,,,,,
2013,6,6,2012-11-10,,PHI,L,83,93,93.8,105.1,88.5,0.203,0.329,0.482,43.2,66.7,6.8,6.8,,0.456,12.2,15.9,0.139,,0.507,15.2,75.7,0.26,,,,,,,,,,,,,
2013,7,7,2012-11-12,,UTA,L,133,140,115.6,121.7,87.7,0.278,0.222,0.549,53.1,60.8,11.3,7.5,,0.509,12.3,36.4,0.213,,0.57,13.9,74.4,0.366,,,,,,,,,,,,,
2013,8,8,2012-11-13,@,IND,W,74,72,90,87.6,82.2,0.264,0.167,0.46,47.9,50,4.9,1.7,,0.403,13,18.6,0.222,,0.353,12.2,72.5,0.253,,,,,,,,,,,,,
2013,9,9,2012-11-17,@,BOS,L,89,107,100.8,121.2,88.3,0.443,0.314,0.532,48.6,73.3,7.9,6.6,,0.486,15.2,23.1,0.3,,0.605,13.4,78.8,0.197,,,,,,,,,,,,,
2013,10,10,2012-11-18,,ORL,W,97,86,107.1,95,90.5,0.288,0.225,0.538,50,57.9,8.8,9,,0.519,10,23.8,0.175,,0.425,14.4,78.9,0.225,,,,,,,,,,,,,
2013,11,11,2012-11-20,@,PHI,L,98,106,107.4,116.2,91.2,0.354,0.195,0.517,53.9,75.7,2.2,8.2,,0.476,10.4,27.3,0.244,,0.524,7.9,80,0.2,,,,,,,,,,,,,
2013,12,12,2012-11-21,@,CHA,L,97,98,103.9,105,93.3,0.25,0.288,0.546,49.3,62.2,5.4,11.9,,0.519,13.6,24.3,0.175,,0.436,10.9,75,0.267,,,,,,,,,,,,,
2013,13,13,2012-11-23,@,DET,L,90,91,103.1,104.2,87.3,0.321,0.231,0.506,44.6,62.5,6.9,9.2,,0.449,11,22.5,0.256,,0.487,13.5,65.1,0.192,,,,,,,,,,,,,
2013,14,14,2012-11-25,,SAS,L,106,111,94.6,99.1,92.7,0.218,0.218,0.44,54,52.5,5.4,10.5,,0.391,9.1,27.4,0.182,,0.466,9,86.3,0.146,,,,,,,,,,,,,
2013,15,15,2012-11-27,@,HOU,L,101,117,107.5,124.5,94,0.14,0.267,0.553,46.4,59.5,6.4,3.5,,0.535,14.9,25,0.105,,0.608,13.2,70,0.193,,,,,,,,,,,,,
2013,16,16,2012-11-28,@,MEM,L,82,103,90.4,113.6,90.7,0.324,0.23,0.485,41.8,37.9,5.5,8.1,,0.426,16.7,17.1,0.257,,0.525,11.5,68.4,0.238,,,,,,,,,,,,,
2013,17,17,2012-11-30,,PHO,W,101,97,109,104.7,92.6,0.272,0.173,0.557,54.7,61.5,7.6,6.6,,0.531,12.5,25,0.185,,0.519,14.1,88.6,0.221,,,,,,,,,,,,,
2013,18,18,2012-12-03,@,DEN,L,110,113,112.1,115.2,98.1,0.221,0.326,0.583,41.1,45.2,9.2,12.9,,0.541,14.5,23.1,0.198,,0.506,14.1,54.9,0.318,,,,,,,,,,,,,
2013,19,19,2012-12-05,@,SAC,L,100,107,102.3,109.5,97.7,0.326,0.267,0.509,46,71.4,6.1,13.4,,0.442,10.1,21.3,0.279,,0.5,13.4,75,0.305,,,,,,,,,,,,,
2013,20,20,2012-12-07,@,UTA,L,99,131,101.3,134,97.8,0.378,0.293,0.518,44.6,39.4,5.1,10.3,,0.445,13.6,25,0.317,,0.566,9.4,65.9,0.308,,,,,,,,,,,,,
2013,21,21,2012-12-09,@,LAC,L,83,102,97.7,120.1,84.9,0.221,0.338,0.491,46.4,73.3,3.5,8.3,,0.455,14.2,26.8,0.169,,0.494,8.7,65.1,0.304,,,,,,,,,,,,,
2013,22,22,2012-12-10,@,POR,L,74,92,83.2,103.4,88.9,0.284,0.284,0.444,48.4,50,5.6,7.2,,0.372,14.4,19.6,0.257,,0.404,6.6,76.6,0.225,,,,,,,,,,,,,
2013,23,23,2012-12-12,,BRK,L,88,94,101.3,108.2,86.9,0.227,0.24,0.533,44.9,56.8,12.7,6.7,,0.52,14.5,18.9,0.133,,0.531,17.6,75,0.406,,,,,,,,,,,,,
2013,24,24,2012-12-14,,DAL,W,95,74,107,83.4,88.8,0.262,0.429,0.507,55.3,64.7,12.4,5.4,,0.476,9.6,29.2,0.179,,0.391,17.7,89.2,0.29,,,,,,,,,,,,,
2013,25,25,2012-12-16,,HOU,W,103,96,109.4,102,94.1,0.235,0.353,0.549,49.4,74.4,6.4,23.6,,0.506,6.9,12.2,0.2,,0.455,11.5,82.6,0.321,,,,,,,,,,,,,
2013,26,26,2012-12-18,@,CLE,W,113,99,132.4,116,85.4,0.36,0.32,0.65,52.2,64.1,9.4,3.7,,0.6,13.9,37.1,0.307,,0.564,15.3,67.6,0.286,,,,,,,,,,,,,
2013,27,27,2012-12-19,,DET,W,97,91,124.2,116.5,78.1,0.306,0.403,0.594,42.9,74.3,6.4,8.3,,0.556,6.8,29,0.236,,0.435,9.3,52.2,0.214,,,,,,,,,,,,,
2013,28,28,2012-12-21,,ORL,W,93,90,105.2,101.8,88.4,0.259,0.235,0.515,41.6,60.6,14.7,7.1,,0.457,9.1,15.9,0.235,,0.529,18.7,75.8,0.229,,,,,,,,,,,,,
2013,29,29,2012-12-26,@,SAS,L,80,100,91.4,114.2,87.6,0.154,0.231,0.48,44.3,72.7,11.4,3.8,,0.468,15.3,22.7,0.09,,0.535,16.9,71.4,0.338,,,,,,,,,,,,,
2013,30,30,2012-12-28,@,NOH,W,104,97,109.1,101.8,86.3,0.376,0.282,0.525,44.6,64.9,10.5,8.7,,0.465,6.6,18.4,0.294,,0.482,14.7,74.4,0.22,,,,,,,,,,,,,
2013,31,31,2012-12-29,@,ORL,W,123,88,141.1,101,87.2,0.256,0.329,0.674,55.7,71.7,3.4,3.2,,0.652,8.1,26.5,0.195,,0.475,7.2,77.8,0.136,,,,,,,,,,,,,
2013,32,32,2013-01-02,,POR,W,102,79,119,92.2,85.7,0.221,0.299,0.604,50,82.9,14,4.2,,0.584,11.5,20.6,0.156,,0.471,18.9,76.3,0.186,,,,,,,,,,,,,
2013,33,33,2013-01-04,,SAC,L,96,105,103.2,112.9,93,0.468,0.418,0.504,47.6,60,8.6,7.8,,0.449,13.6,30.4,0.316,,0.553,16,69.4,0.276,,,,,,,,,,,,,
2013,34,34,2013-01-06,,OKC,L,92,104,102,115.3,90.2,0.276,0.303,0.54,43.1,82.4,7.8,5.5,,0.5,15.8,19.4,0.211,,0.532,15.4,66.7,0.286,,,,,,,,,,,,,
2013,35,35,2013-01-09,,PHI,W,90,72,106.1,84.9,84.8,0.163,0.138,0.525,55.4,66.7,10.6,4.7,,0.494,11.4,26.3,0.138,,0.405,13.6,80,0.162,,,,,,,,,,,,,
2013,36,36,2013-01-11,,CHA,W,99,78,125.5,98.9,78.9,0.128,0.314,0.545,53.9,64.1,8.9,9.5,,0.523,10.8,44.7,0.105,,0.393,13.3,64.3,0.253,,,,,,,,,,,,,
2013,37,37,2013-01-13,,MIL,L,96,107,108.4,120.9,88.5,0.318,0.153,0.495,55.6,69.4,7.9,3.4,,0.441,13.4,41.5,0.247,,0.571,12.1,74.2,0.247,,,,,,,,,,,,,
2013,38,38,2013-01-15,@,BRK,L,106,113,121.1,129.1,87.5,0.28,0.159,0.575,54.7,52.5,3.4,1.7,,0.53,12.4,35.1,0.232,,0.543,6,73.7,0.309,,,,,,,,,,,,,
2013,39,39,2013-01-16,,CHI,L,105,107,108.4,110.5,87.7,0.376,0.188,0.53,48.3,52.6,6.2,6.7,,0.482,10.8,28.9,0.271,,0.471,12.1,68.2,0.302,,,,,,,,,,,,,
2013,40,40,2013-01-18,@,PHI,L,101,108,103.9,111.1,88,0.148,0.284,0.539,51.9,72.5,6.2,6.9,,0.517,16.1,25.6,0.114,,0.538,10.2,76.2,0.11,,,,,,,,,,,,,
2013,41,41,2013-01-20,,LAL,W,108,103,114.7,109.4,94.1,0.202,0.238,0.59,51.9,58.7,11.7,3.3,,0.583,14.1,28.6,0.119,,0.483,11.8,71.4,0.205,,,,,,,,,,,,,
2013,42,42,2013-01-23,@,MIA,L,116,123,122.9,130.3,85.5,0.205,0.352,0.605,34.6,59.1,8.5,1.7,,0.58,7.7,15.9,0.159,,0.604,11.6,56.8,0.293,,,,,,,,,,,,,
2013,43,43,2013-01-24,@,ORL,W,97,95,109,106.8,89,0.244,0.205,0.562,48.1,64.1,3.4,11.1,,0.526,10.4,18.4,0.192,,0.481,12.6,75.6,0.21,,,,,,,,,,,,,
2013,44,44,2013-01-26,,CLE,L,98,99,107.6,108.7,91,0.22,0.207,0.545,50,55,6.6,6,,0.518,14.3,27.5,0.159,,0.513,14.6,73.7,0.244,,,,,,,,,,,,,
2013,45,45,2013-01-28,,GSW,L,102,114,109.3,122.1,93.3,0.264,0.218,0.525,43,73.7,7.5,5.6,,0.471,9.3,23.4,0.23,,0.57,12.1,66.7,0.186,,,,,,,,,,,,,
2013,46,46,2013-01-30,@,ATL,L,92,93,96.9,98,94.9,0.271,0.259,0.484,59.1,48.5,6.3,10.2,,0.441,15.2,31.3,0.2,,0.547,17,92.5,0.147,,,,,,,,,,,,,
2013,47,47,2013-02-01,,LAC,W,98,73,112.2,83.6,87.3,0.21,0.321,0.554,54.9,78.9,8,11.3,,0.543,11.9,28.2,0.123,,0.368,14.1,79.1,0.278,,,,,,,,,,,,,
2013,48,48,2013-02-03,,MIA,L,85,100,98.1,115.4,86.7,0.427,0.24,0.477,52.8,53.6,11.5,4.8,,0.4,14.4,34.1,0.333,,0.553,12.4,77.4,0.227,,,,,,,,,,,,,
2013,49,49,2013-02-06,,BOS,L,95,99,102.3,106.6,92.8,0.317,0.22,0.508,51.2,52.9,12.9,3.7,,0.439,13.8,25.5,0.28,,0.507,13.1,83.8,0.342,,,,,,,,,,,,,
2013,50,50,2013-02-08,@,IND,W,100,98,103.7,101.6,87.4,0.198,0.094,0.479,52.3,45.2,9.3,16.1,,0.448,11.8,34.7,0.146,,0.506,16.6,74.4,0.244,,,,,,,,,,,,,
2013,51,51,2013-02-10,,NOH,W,102,89,118,103,86.4,0.231,0.205,0.594,54.2,60,8.1,7.1,,0.564,11.3,30.8,0.179,,0.529,17.5,81.8,0.232,,,,,,,,,,,,,
2013,52,52,2013-02-12,,DEN,W,109,108,118.4,117.3,92.1,0.277,0.253,0.585,45.8,59,10.9,7.2,,0.53,15.4,35.7,0.253,,0.553,16.1,56.1,0.165,,,,,,,,,,,,,
2013,53,53,2013-02-13,@,NYK,W,92,88,112.8,107.8,81.6,0.329,0.288,0.551,40.2,38.7,3.7,14.8,,0.486,10.7,20,0.288,,0.411,10.6,57.4,0.291,,,,,,,,,,,,,
2013,54,54,2013-02-19,@,WAS,W,96,88,104.2,95.5,92.1,0.256,0.256,0.553,48.8,57.1,10.9,7.9,,0.5,15.6,20,0.231,,0.423,15.1,73.9,0.282,,,,,,,,,,,,,
2013,55,55,2013-02-20,,MEM,L,82,88,99.8,107.1,82.2,0.366,0.254,0.497,46.2,53.8,6.1,6,,0.423,14.5,27.5,0.31,,0.4,9.5,60.8,0.3,,,,,,,,,,,,,
2013,56,56,2013-02-22,,NYK,W,100,98,110.8,108.5,90.3,0.35,0.225,0.542,42.5,51.4,7.8,6.4,,0.481,8.9,15.8,0.288,,0.533,15.8,71.4,0.24,,,,,,,,,,,,,
2013,57,57,2013-02-25,,WAS,L,84,90,89.4,95.7,94,0.342,0.241,0.462,44.3,44.8,9.6,10.1,,0.399,13.3,18.8,0.266,,0.463,17.7,75,0.185,,,,,,,,,,,,,
2013,58,58,2013-02-27,@,CLE,L,92,103,102,114.2,90.2,0.321,0.256,0.517,48.7,71.4,3.3,11.6,,0.462,14.4,25,0.256,,0.445,9.4,69,0.366,,,,,,,,,,,,,
2013,59,59,2013-03-01,,IND,L,81,93,94.3,108.3,85.9,0.347,0.153,0.488,41.1,41.4,10.5,12,,0.424,13.5,19.5,0.278,,0.536,19.3,68.8,0.257,,,,,,,,,,,,,
2013,60,60,2013-03-02,@,MIL,L,114,122,108.4,116,95.2,0.18,0.22,0.528,46.7,60.9,8.6,3.8,,0.5,12.9,27.1,0.14,,0.527,11.7,69,0.272,,,,,,,,,,,,,
2013,61,61,2013-03-04,@,GSW,L,118,125,117.7,124.7,100.2,0.372,0.277,0.539,55.3,39,6,7.7,,0.484,10.6,37.3,0.287,,0.622,12.9,82.4,0.28,,,,,,,,,,,,,
2013,62,62,2013-03-06,@,PHO,W,98,71,102.4,74.2,95.7,0.195,0.312,0.586,50,64.9,11.5,7.8,,0.552,20.1,19.4,0.169,,0.426,25.8,75,0.108,,,,,,,,,,,,,
2013,63,63,2013-03-08,@,LAL,L,116,118,110.1,112,95.5,0.172,0.237,0.58,47.8,66.7,7.6,11.5,,0.559,14.5,17.5,0.129,,0.505,10.8,72,0.286,,,,,,,,,,,,,
2013,64,64,2013-03-10,,CLE,W,100,96,102,97.9,98,0.405,0.274,0.505,51.1,66.7,9.2,7.7,,0.44,10,20.5,0.31,,0.459,11.7,79.2,0.198,,,,,,,,,,,,,
2013,65,65,2013-03-13,@,BOS,L,88,112,91.6,116.6,96.1,0.241,0.165,0.504,45.9,50,11.4,9.8,,0.449,16.3,17.1,0.215,,0.553,13.3,81.8,0.368,,,,,,,,,,,,,
2013,66,66,2013-03-15,,CHA,W,92,78,106.2,90,86.7,0.397,0.147,0.576,56.1,48.5,6.9,13.8,,0.507,19.2,32.3,0.338,,0.363,12.3,70.6,0.25,,,,,,,,,,,,,
2013,67,67,2013-03-17,,MIA,L,91,108,104.7,124.2,87,0.128,0.213,0.458,66.2,38.5,5.8,4.4,,0.426,13.9,50,0.117,,0.657,13.1,93.1,0.299,,,,,,,,,,,,,
2013,68,68,2013-03-20,@,CHA,L,101,107,111,117.6,91,0.313,0.265,0.535,51.7,51.4,7.7,15.3,,0.452,14.5,34.1,0.313,,0.52,11.5,69.8,0.387,,,,,,,,,,,,,
2013,69,69,2013-03-22,,NYK,L,94,99,110.4,116.3,85.1,0.177,0.405,0.552,45.2,52.8,8.2,2,,0.525,12.4,22.5,0.139,,0.606,13.7,72.7,0.183,,,,,,,,,,,,,
2013,70,70,2013-03-23,@,NYK,L,84,110,95.2,124.7,88.2,0.237,0.303,0.5,44.3,38.2,6.8,3.3,,0.474,17.7,25,0.158,,0.563,11,68.6,0.266,,,,,,,,,,,,,
2013,71,71,2013-03-27,,ATL,L,88,107,95,115.5,92.6,0.256,0.218,0.507,51.2,57.1,8.6,1.7,,0.474,18,23.8,0.179,,0.556,10.9,80,0.21,,,,,,,,,,,,,
2013,72,72,2013-03-29,@,DET,W,99,82,117,96.9,84.6,0.11,0.159,0.576,55.3,56.8,8.3,10.3,,0.561,10.4,30.3,0.085,,0.441,13.1,74.4,0.197,,,,,,,,,,,,,
2013,73,73,2013-03-31,@,WAS,L,92,109,101.8,120.6,90.4,0.321,0.235,0.498,48.4,65.6,2.2,8.8,,0.438,12.3,27.7,0.259,,0.535,8.5,69.6,0.212,,,,,,,,,,,,,
2013,74,74,2013-04-01,,DET,L,98,108,114.8,126.5,85.4,0.123,0.259,0.574,50,58.5,7,12.9,,0.556,10.5,21.4,0.099,,0.604,8.5,76.7,0.195,,,,,,,,,,,,,
2013,75,75,2013-04-03,,WAS,W,88,78,95.1,84.3,92.5,0.545,0.121,0.538,51.8,70,6.5,9.8,,0.462,15.5,11.4,0.409,,0.356,13.1,80,0.263,,,,,,,,,,,,,
2013,76,76,2013-04-05,@,MIN,W,95,93,105.2,103,90.3,0.188,0.176,0.516,50,45,6.6,11.5,,0.494,12.4,25,0.129,,0.47,13.3,80.6,0.448,,,,,,,,,,,,,
2013,77,77,2013-04-06,@,MIL,L,83,100,88.1,106.1,94.2,0.277,0.12,0.446,46.7,60,9.6,7,,0.38,14.7,20.5,0.241,,0.513,14.5,75,0.289,,,,,,,,,,,,,
2013,78,78,2013-04-09,@,CHI,W,101,98,116.1,112.6,87,0.333,0.25,0.612,45.2,59.5,6.9,4.3,,0.563,8.8,10,0.278,,0.488,9.5,69.8,0.163,,,,,,,,,,,,,
2013,79,79,2013-04-12,,CHI,W,97,88,112,101.6,86.6,0.458,0.111,0.561,49.4,64.7,11.5,11.9,,0.486,13.1,27.5,0.375,,0.5,16.1,73,0.143,,,,,,,,,,,,,
2013,80,80,2013-04-14,,BRK,W,93,87,105.1,98.4,88.5,0.256,0.183,0.51,55.8,52.8,4.5,1.9,,0.476,11.6,26.3,0.183,,0.452,7,79.2,0.131,,,,,,,,,,,,,
2013,81,81,2013-04-16,@,ATL,W,113,96,119.7,101.7,94.4,0.346,0.346,0.629,52.8,60,7.4,16.7,,0.577,16.7,26.3,0.295,,0.449,10.1,72.5,0.193,,,,,,,,,,,,,
2013,82,82,2013-04-17,,BOS,W,114,90,125,98.7,91.2,0.35,0.263,0.617,54.8,65,5.5,7.5,,0.575,8.9,23.7,0.275,,0.482,12.7,80.4,0.107,,,,,,,,,,,,,