Season,Rk,G,Date,,Opp,W/L,Tm,Opp,ORtg,DRtg,Pace,FTr,3PAr,TS%,TRB%,AST%,STL%,BLK%,,eFG%,TOV%,ORB%,FT/FGA,,eFG%,TOV%,DRB%,FT/FGA
2018,1,1,2017-10-18,,HOU,L,100,105,103.9,109.1,96.3,0.114,0.261,0.541,48.8,45.2,5.2,10.5,,0.523,15.5,22,0.091,,0.47,12.8,73.3,0.325
2018,2,2,2017-10-20,@,DAL,W,93,88,105.9,100.2,87.9,0.149,0.264,0.502,61.3,54.1,9.1,7.1,,0.483,13.1,35.6,0.103,,0.487,12.5,85.4,0.2
2018,3,3,2017-10-21,@,DEN,L,79,96,88.6,107.7,89.2,0.153,0.259,0.435,40.2,48.4,6.7,5.5,,0.412,12.5,23.1,0.106,,0.494,14.6,60,0.141
2018,4,4,2017-10-23,@,PHO,L,115,117,112.2,114.2,102.5,0.293,0.222,0.514,45.1,44.2,12.7,4.3,,0.48,7.5,25,0.202,,0.61,18.4,80,0.299
2018,5,5,2017-10-26,,NOP,L,106,114,108.4,116.5,97.8,0.309,0.247,0.576,42,65.8,7.2,9.3,,0.512,11.5,11.9,0.284,,0.564,13.5,74.4,0.198
2018,6,6,2017-10-29,,WAS,L,83,110,88.8,117.7,93.5,0.195,0.268,0.466,46.7,40.6,8.6,3.9,,0.427,16,23.4,0.159,,0.571,13.8,71.1,0.153
2018,7,7,2017-10-31,@,IND,L,83,101,87.1,106,95.2,0.159,0.159,0.441,45.9,40.5,8.4,8.9,,0.432,12.9,18.8,0.08,,0.494,12.9,72,0.2
2018,8,8,2017-11-01,@,BOS,L,86,113,96.7,127.1,88.9,0.148,0.247,0.498,33.3,68.6,11.2,12.2,,0.469,14.8,16.3,0.123,,0.591,15,54.3,0.195
2018,9,9,2017-11-04,@,DET,L,99,108,105.8,115.4,93.6,0.171,0.276,0.606,47.8,60,6.4,1.8,,0.592,17.2,10,0.118,,0.589,13.6,78.4,0.19
2018,10,10,2017-11-07,,OKC,W,94,86,94.2,86.2,99.8,0.152,0.304,0.558,51.6,56.8,6,10.2,,0.525,21.4,12.5,0.139,,0.395,12.7,82.4,0.209
2018,11,11,2017-11-09,,PHI,W,109,108,106.2,105.3,102.6,0.301,0.29,0.517,44.6,72.5,5.8,10,,0.495,7.9,15.7,0.183,,0.511,14.7,74,0.218
2018,12,12,2017-11-11,@,NYK,L,91,118,96.4,124.9,94.4,0.375,0.275,0.488,51.2,63.3,6.4,6.3,,0.419,12.2,25.6,0.3,,0.589,10.2,79.5,0.133
2018,13,13,2017-11-13,@,WAS,L,92,110,102.5,122.6,89.7,0.214,0.274,0.5,41.2,55.9,8.9,7.7,,0.476,9.8,20,0.143,,0.576,10.8,71.4,0.128
2018,14,14,2017-11-15,@,ATL,L,80,126,84.7,133.4,94.4,0.227,0.318,0.413,35.4,58.1,12.7,4.3,,0.386,11,20,0.136,,0.734,17.3,66.7,0.127
2018,15,15,2017-11-17,,POR,W,86,82,95.5,91,90.1,0.176,0.165,0.469,49.4,55.6,12.2,8.9,,0.447,12.4,26.7,0.118,,0.414,16.2,73.8,0.185
2018,16,16,2017-11-18,@,POR,L,90,102,96.7,109.6,93.1,0.202,0.191,0.464,45,41.2,9.7,8.2,,0.427,10.2,18.8,0.157,,0.614,17.7,84.4,0.229
2018,17,17,2017-11-20,,DEN,L,98,114,104.7,121.8,93.6,0.105,0.233,0.545,41,43.9,11.7,11.1,,0.523,11.8,12.5,0.093,,0.576,12.1,67.4,0.174
2018,18,18,2017-11-22,,LAL,W,113,102,117,105.6,96.6,0.165,0.247,0.62,58.7,55.3,9.3,8.2,,0.612,15.7,27,0.106,,0.596,16.7,89.5,0.115
2018,19,19,2017-11-25,,LAC,L,95,97,100.9,103.1,94.1,0.108,0.253,0.546,50,50,9.6,15.4,,0.524,17.1,20.5,0.096,,0.531,15.7,82.9,0.15
2018,20,20,2017-11-27,@,GSW,W,110,106,124.1,119.6,88.6,0.266,0.215,0.623,50,64.3,7.9,14,,0.589,12.8,28.9,0.215,,0.6,14,73.5,0.125
2018,21,21,2017-11-28,,MIL,L,87,112,91.9,118.3,94.7,0.377,0.221,0.485,51.3,48.4,5.3,4.1,,0.435,15.1,19.6,0.26,,0.655,12.4,96.9,0.268
2018,22,22,2017-12-01,@,CHI,W,107,106,114.3,113.2,93.6,0.165,0.212,0.587,53.1,64.4,5.3,18.5,,0.565,11.6,21.1,0.129,,0.539,7.7,81.4,0.1
2018,23,23,2017-12-02,@,MIL,L,104,109,113,118.4,92,0.273,0.312,0.603,47.8,54.1,7.6,2,,0.552,14.8,18.2,0.247,,0.536,14.6,75,0.507
2018,24,24,2017-12-06,@,CLE,L,95,101,101.4,107.8,93.7,0.151,0.372,0.518,51.1,64.1,16,12.8,,0.512,11.6,20,0.081,,0.564,14.7,83.7,0.167
2018,25,25,2017-12-08,@,NOP,W,116,109,110.7,104,94.9,0.144,0.309,0.562,56.8,44.7,11.5,6.6,,0.552,14.1,28.2,0.093,,0.517,14.9,83.3,0.191
2018,26,26,2017-12-10,,TOR,L,87,102,93.2,109.2,93.4,0.192,0.315,0.55,48.8,42.9,7.5,12,,0.548,21,17.9,0.096,,0.511,12,74.5,0.149
2018,27,27,2017-12-12,,PHO,W,99,92,107.2,99.6,92.4,0.247,0.247,0.502,50,55.3,9.7,5.2,,0.466,8.4,25.6,0.18,,0.45,11.1,72.3,0.122
2018,28,28,2017-12-14,@,MIN,L,96,119,107.7,133.6,89.1,0.138,0.379,0.52,51.9,66.7,4.5,3.3,,0.494,13.2,32.6,0.115,,0.622,9,77.1,0.207
2018,29,29,2017-12-17,@,TOR,L,93,108,101.1,117.4,92,0.099,0.321,0.55,41,65.8,9.8,16.4,,0.537,15.1,15,0.074,,0.5,11,68.4,0.271
2018,30,30,2017-12-19,@,PHI,W,101,95,102.7,96.6,98.4,0.253,0.297,0.499,42.4,51.2,11.2,13,,0.489,10.6,18.4,0.132,,0.481,17.2,69.8,0.21
2018,31,31,2017-12-20,@,BRK,W,104,99,120.8,115,86.1,0.244,0.232,0.573,55.8,35,4.6,10,,0.53,11.7,35.1,0.207,,0.482,9.8,71.4,0.244
2018,32,32,2017-12-23,,SAS,L,99,108,108.2,118.1,91.5,0.128,0.256,0.545,48.8,52.5,2.2,3.1,,0.535,9.9,19.6,0.081,,0.563,7.9,82.5,0.102
2018,33,33,2017-12-26,@,LAC,L,95,122,98.6,126.6,96.4,0.125,0.229,0.469,43,62.5,11.4,14,,0.453,8.2,20,0.083,,0.623,12.3,75,0.259
2018,34,34,2017-12-27,,CLE,W,109,95,123.4,107.6,88.3,0.228,0.38,0.627,51.9,61,9.1,14,,0.595,11.2,18.9,0.19,,0.514,11.5,82.5,0.257
2018,35,35,2017-12-29,,PHO,L,101,111,114.4,125.7,88.3,0.288,0.288,0.56,44,62.2,6.8,3.6,,0.513,9.1,20.5,0.238,,0.559,9.5,64.4,0.188
2018,36,36,2017-12-31,,MEM,L,96,114,98.6,117.1,97.4,0.291,0.279,0.495,48.8,54.1,6.2,4.3,,0.483,14.2,24,0.151,,0.632,15.6,83.3,0.237
2018,37,37,2018-01-02,,CHO,L,111,131,119.9,141.5,92.6,0.207,0.195,0.585,61,48.9,1.1,3.5,,0.557,13.6,39,0.161,,0.657,3,86.1,0.157
2018,38,38,2018-01-06,,DEN,W,106,98,107,98.9,99.1,0.181,0.266,0.522,45.9,50,16.2,9.5,,0.495,8.1,20.8,0.138,,0.546,22.7,78.4,0.197
2018,39,39,2018-01-08,,SAS,L,100,107,103.6,110.8,96.6,0.195,0.28,0.562,54.9,47.5,6.2,1.6,,0.537,16.8,21.6,0.146,,0.55,9.5,82.2,0.089
2018,40,40,2018-01-09,@,LAL,L,86,99,84.3,97,102.1,0.31,0.241,0.435,43.9,50,14.7,9.5,,0.391,13.9,17.9,0.207,,0.558,22.5,78.6,0.169
2018,41,41,2018-01-11,,LAC,L,115,121,112.4,118.3,102.3,0.329,0.306,0.591,53,54.8,8.8,5.7,,0.541,13.4,24.4,0.271,,0.589,14.9,81,0.262
2018,42,42,2018-01-13,@,LAC,L,105,126,104.5,125.4,100.5,0.259,0.2,0.554,48.7,60.5,11.9,7.8,,0.541,14.5,22.7,0.153,,0.634,13.8,84.4,0.268
2018,43,43,2018-01-15,@,OKC,L,88,95,89.6,96.8,98.2,0.298,0.357,0.463,38.5,66.7,13.2,0,,0.435,12,12.8,0.179,,0.471,15.4,63.3,0.163
2018,44,44,2018-01-17,,UTA,L,105,120,115.4,131.9,91,0.278,0.292,0.65,55.4,50,9.9,7.7,,0.618,19,25.8,0.222,,0.642,10,82.4,0.198
2018,45,45,2018-01-19,@,MEM,L,88,106,92.4,111.3,95.3,0.225,0.338,0.5,47.3,56.3,10.5,5.6,,0.469,19.3,23.9,0.163,,0.5,11.7,70.2,0.205
2018,46,46,2018-01-22,@,CHO,L,107,112,109.4,114.5,97.8,0.155,0.227,0.516,46.7,62.8,8.2,6.5,,0.495,6.3,21.3,0.113,,0.535,13.4,74.4,0.233
2018,47,47,2018-01-23,@,ORL,W,105,99,111.5,105.2,94.1,0.149,0.299,0.566,52.4,55.8,9.6,21.2,,0.54,13.1,27.5,0.126,,0.5,15.7,75,0.193
2018,48,48,2018-01-25,@,MIA,W,89,88,95.2,94.1,93.5,0.173,0.148,0.511,45.2,44.7,3.2,12.5,,0.5,13,11.4,0.099,,0.451,12.6,82.5,0.171
2018,49,49,2018-01-28,@,SAS,L,98,113,110.6,127.5,88.6,0.134,0.415,0.564,39.5,60,5.6,4.6,,0.537,9.4,13.3,0.122,,0.561,6.7,68.3,0.133
2018,50,50,2018-01-30,@,NOP,W,114,103,114.4,103.4,99.6,0.144,0.268,0.553,57.6,47.8,7,1.9,,0.526,11.9,29.2,0.124,,0.565,14.8,94.6,0.208
2018,51,51,2018-02-02,,GSW,L,104,119,100.2,114.6,103.8,0.158,0.263,0.512,39.3,52.4,15.4,6.4,,0.495,9,12,0.105,,0.656,22.3,79.4,0.175
2018,52,52,2018-02-03,,DAL,L,99,106,109.1,116.8,90.8,0.073,0.329,0.585,47.1,53.5,12.1,7.1,,0.573,15.9,20.6,0.061,,0.572,12.7,73.5,0.133
2018,53,53,2018-02-05,,CHI,W,104,98,111.5,105.1,93.2,0.298,0.381,0.547,49.5,59.5,5.4,11.4,,0.506,10.4,19.6,0.226,,0.488,11.7,80,0.25
2018,54,54,2018-02-09,,POR,L,100,118,104.2,123,95.9,0.233,0.256,0.504,48.9,65.8,5.2,5.7,,0.472,10.8,25,0.167,,0.574,10.3,77.5,0.193
2018,55,55,2018-02-11,@,MIN,L,106,111,111.6,116.8,95,0.193,0.284,0.555,53.8,40.5,12.6,4,,0.534,15.9,34.1,0.136,,0.561,15.4,77.8,0.378
2018,56,56,2018-02-13,@,DAL,W,114,109,119.3,114,95.6,0.138,0.333,0.618,50.7,63.8,6.3,9.3,,0.609,8.9,13.2,0.092,,0.548,8.8,89.2,0.217
2018,57,57,2018-02-14,@,HOU,L,91,100,93.6,102.9,97.2,0.092,0.368,0.503,50,68.4,8.2,14.7,,0.494,15.8,18,0.057,,0.482,12.3,84.8,0.241
2018,58,58,2018-02-22,,OKC,L,107,110,112.5,115.7,95.1,0.165,0.297,0.548,47.3,54.8,6.3,7.8,,0.527,8.4,20.4,0.121,,0.523,10.2,77.3,0.233
2018,59,59,2018-02-24,,LAL,L,108,113,115.8,121.1,93.3,0.181,0.266,0.532,52.2,66.7,5.4,9.4,,0.516,9.8,34.7,0.117,,0.544,9.1,72.1,0.154
2018,60,60,2018-02-26,,MIN,L,100,118,107.2,126.5,93.3,0.155,0.262,0.557,41.9,55,5.4,5,,0.524,13.5,18.6,0.143,,0.559,11.6,74.2,0.434
2018,61,61,2018-02-27,@,POR,L,99,116,101.1,118.5,97.9,0.17,0.25,0.523,43.4,51.3,14.3,8,,0.483,11.3,14,0.159,,0.613,15.7,75,0.155
2018,62,62,2018-03-01,,BRK,W,116,111,111,106.2,94.6,0.124,0.144,0.567,46.3,46,14.4,12,,0.546,12.8,23.9,0.103,,0.505,16.9,67.3,0.146
2018,63,63,2018-03-03,,UTA,L,91,98,95.2,102.5,95.6,0.191,0.337,0.472,48,44.1,7.3,14,,0.433,11.9,21.2,0.157,,0.482,12.1,77.1,0.232
2018,64,64,2018-03-04,,NYK,W,102,99,110.8,107.6,92,0.128,0.349,0.561,44.2,53.8,5.4,7.5,,0.529,10.8,17.5,0.128,,0.489,11.9,67.4,0.148
2018,65,65,2018-03-07,,NOP,L,101,114,107.2,121,94.2,0.183,0.301,0.503,49.4,51.3,4.2,8.8,,0.468,8.2,28.6,0.151,,0.633,15.5,83.3,0.108
2018,66,66,2018-03-09,,ORL,W,94,88,103.2,96.6,91.1,0.181,0.301,0.525,59.5,66.7,7.7,6.1,,0.488,15.2,31,0.157,,0.481,14.1,88.1,0.167
2018,67,67,2018-03-11,@,DEN,L,104,130,108.1,135.1,96.2,0.286,0.341,0.508,42.7,66.7,3.1,1.9,,0.462,2.8,14,0.22,,0.646,6.7,79.5,0.169
2018,68,68,2018-03-12,@,OKC,L,101,106,106,111.2,95.3,0.172,0.355,0.505,53.3,55.3,8.4,12.5,,0.473,9.9,25.5,0.14,,0.548,9.8,87.8,0.167
2018,69,69,2018-03-14,,MIA,W,123,119,117.6,113.8,94.7,0.266,0.255,0.586,44.8,47.9,5.7,12.5,,0.553,9.5,17.4,0.202,,0.505,11.5,70,0.192
2018,70,70,2018-03-16,@,GSW,W,98,93,109.6,104,89.4,0.205,0.373,0.542,54,69.4,7.8,7.3,,0.518,12.6,26.2,0.145,,0.494,11,80,0.16
2018,71,71,2018-03-17,@,UTA,L,97,103,99,105.2,98,0.163,0.244,0.526,40.7,62.2,11.2,10,,0.512,12.4,7,0.105,,0.486,14.2,78.9,0.419
2018,72,72,2018-03-19,,DET,L,90,106,97.2,114.5,92.6,0.102,0.261,0.489,47,57.5,7.6,6,,0.489,12.4,17.4,0.045,,0.557,9.2,83.8,0.228
2018,73,73,2018-03-22,,ATL,W,105,90,109.6,94,95.8,0.097,0.226,0.541,56,65.1,8.4,18.8,,0.516,11.8,26.1,0.097,,0.464,11.5,86.7,0.143
2018,74,74,2018-03-25,,BOS,L,93,104,102.2,114.3,91,0.122,0.317,0.538,49.3,47.4,7.7,2,,0.506,13.9,17.9,0.122,,0.639,15.9,90,0.167
2018,75,75,2018-03-27,,DAL,L,97,103,100.1,106.3,96.9,0.204,0.247,0.478,51.1,65.8,6.2,15,,0.441,9,20.4,0.161,,0.538,9.9,89.7,0.213
2018,76,76,2018-03-29,,IND,L,103,106,113.5,116.8,90.8,0.115,0.397,0.628,48.5,64.3,3.3,3.7,,0.622,18,18.2,0.077,,0.55,10.1,78.8,0.225
2018,77,77,2018-03-31,,GSW,L,96,112,98.7,115.1,97.3,0.218,0.322,0.503,52.8,75,5.1,10.5,,0.46,13.6,23.4,0.184,,0.548,9.5,85.7,0.253
2018,78,78,2018-04-01,@,LAL,W,84,83,93.4,92.3,89.9,0.152,0.261,0.428,50,48.6,10,11.6,,0.418,9.2,26,0.076,,0.447,14,77.3,0.213
2018,79,79,2018-04-03,@,PHO,L,94,97,96.8,99.9,97.1,0.258,0.303,0.474,43.5,60.6,5.1,8.3,,0.433,9.2,17.9,0.191,,0.494,13.3,83.3,0.273
2018,80,80,2018-04-06,@,MEM,W,94,93,102.2,101.1,92,0.141,0.282,0.521,52.5,57.5,8.7,8.3,,0.506,14.2,27.8,0.094,,0.476,14,72.7,0.155
2018,81,81,2018-04-09,@,SAS,L,85,98,97.1,111.9,87.6,0.21,0.222,0.48,50,48.5,4.6,3.6,,0.457,11.9,26.1,0.136,,0.451,7.8,75,0.293
2018,82,82,2018-04-11,,HOU,W,96,83,104.4,90.2,92,0.25,0.325,0.541,54.5,57.9,6.5,8.3,,0.519,11,15.8,0.163,,0.457,13.8,84,0.098
2017,1,1,2016-10-26,@,PHO,W,113,94,116.8,97.1,96.8,0.302,0.244,0.58,50,54.5,5.2,8.2,,0.547,11.8,24.4,0.221,,0.494,16.8,75.6,0.234
2017,2,2,2016-10-27,,SAS,L,94,102,103.2,112,91,0.543,0.286,0.542,50,78.6,7.7,0,,0.443,14.7,16.2,0.457,,0.494,9,79.1,0.304
2017,3,3,2016-10-29,,MIN,W,106,103,118.6,115.3,89.4,0.294,0.306,0.552,46.3,61.5,6.7,10.4,,0.512,11.9,27.5,0.224,,0.579,11.6,74.1,0.314
2017,4,4,2016-10-31,@,ATL,L,95,106,101.3,113.1,93.7,0.253,0.307,0.57,46.9,72.2,10.7,12.2,,0.547,18.6,18.8,0.173,,0.487,11.5,65.3,0.367
2017,5,5,2016-11-01,@,MIA,L,96,108,91.4,102.8,95.1,0.303,0.258,0.476,54.1,35.3,3.8,7,,0.41,12.9,18.8,0.258,,0.506,13.2,88,0.244
2017,6,6,2016-11-03,@,ORL,L,94,102,104.1,112.9,90.3,0.213,0.225,0.537,47,44.7,8.9,1.9,,0.519,13.8,26.2,0.138,,0.512,12.9,68.3,0.19
2017,7,7,2016-11-05,@,MIL,L,91,117,101.4,130.4,89.7,0.226,0.333,0.493,40.4,81.8,8.9,6.1,,0.452,13.2,26.5,0.179,,0.585,13.9,57.5,0.256
2017,8,8,2016-11-06,@,TOR,W,96,91,111.9,106.1,85.8,0.397,0.205,0.524,52.2,61.8,4.7,9.3,,0.468,8.9,30.2,0.295,,0.399,5.8,72.3,0.286
2017,9,9,2016-11-08,,NOP,W,102,94,109.7,101.1,92.9,0.247,0.309,0.568,49.4,61.5,7.5,7.9,,0.531,10,13.2,0.198,,0.482,9.8,82.9,0.155
2017,10,10,2016-11-10,,LAL,L,91,101,93.2,103.4,97.6,0.235,0.247,0.485,50.6,52.9,13.3,6.4,,0.447,13.8,22.4,0.176,,0.574,20.1,88.9,0.216
2017,11,11,2016-11-11,@,POR,L,120,122,118.5,120.4,91.7,0.398,0.239,0.58,57.1,41.9,6.9,5.7,,0.523,12.7,31,0.318,,0.599,10.1,83.3,0.221
2017,12,12,2016-11-16,,SAS,L,105,110,110.9,116.2,94.7,0.408,0.263,0.586,55.4,58.3,5.3,5.2,,0.533,15.1,26.3,0.316,,0.551,10.3,80,0.148
2017,13,13,2016-11-18,,LAC,L,115,121,114.7,120.7,100.2,0.407,0.302,0.567,50,55.3,7,8.5,,0.5,12.1,22,0.337,,0.612,13.3,84.8,0.368
2017,14,14,2016-11-20,,TOR,W,102,99,107.1,104,95.2,0.309,0.333,0.554,43.5,72.2,8.4,13.1,,0.512,12.4,11.1,0.235,,0.453,13.6,67.3,0.259
2017,15,15,2016-11-23,,OKC,W,116,101,120.4,104.8,96.4,0.181,0.298,0.572,54.8,59.1,4.2,2,,0.532,9.8,25,0.17,,0.467,8.8,87.5,0.395
2017,16,16,2016-11-25,,HOU,L,104,117,106.5,119.8,97.7,0.263,0.4,0.583,46.8,61.5,7.2,17.1,,0.544,13.6,10.5,0.213,,0.594,13,80.5,0.188
2017,17,17,2016-11-27,@,BRK,W,122,105,124.7,107.3,97.9,0.256,0.267,0.638,51.7,52.2,11.2,6.4,,0.61,12,21.4,0.198,,0.529,13.9,80,0.149
2017,18,18,2016-11-28,@,WAS,L,95,101,89.3,94.9,96.4,0.28,0.226,0.455,47.3,52.6,14.1,6.7,,0.425,16.1,25.5,0.172,,0.471,19.3,73.8,0.247
2017,19,19,2016-12-02,@,BOS,L,92,97,97.3,102.6,94.5,0.284,0.295,0.465,53.1,66.7,9.5,16.7,,0.409,12.4,29.2,0.227,,0.472,12.1,77.1,0.159
2017,20,20,2016-12-04,@,NYK,L,98,106,98.1,106.1,99.9,0.32,0.289,0.443,46.8,58.1,13,8.5,,0.366,9,29,0.278,,0.506,15.4,70.2,0.193
2017,21,21,2016-12-07,@,DAL,W,120,89,122.7,91,97.8,0.25,0.262,0.644,50,59.6,10.2,6.3,,0.619,13.1,16.2,0.19,,0.474,18.7,79.1,0.192
2017,22,22,2016-12-09,,NYK,L,100,103,103,106.1,97.1,0.31,0.322,0.506,41.9,68.6,10.3,1.8,,0.443,6.6,12.5,0.264,,0.488,14.4,73.3,0.25
2017,23,23,2016-12-10,@,UTA,L,84,104,92.3,114.3,91,0.144,0.289,0.439,38.6,50,11,8.3,,0.428,9.5,22.6,0.078,,0.565,20.6,62.9,0.221
2017,24,24,2016-12-12,,LAL,W,116,92,120.9,95.9,96,0.25,0.274,0.622,54.7,48.9,16.7,9.8,,0.619,18.4,37.1,0.143,,0.452,16.9,66.7,0.19
2017,25,25,2016-12-14,@,HOU,L,98,132,99.4,133.9,98.6,0.12,0.348,0.506,46,69.2,8.1,16.3,,0.484,13.4,23.5,0.098,,0.718,14.8,77.8,0.118
2017,26,26,2016-12-16,@,MEM,W,96,92,106.2,101.7,90.4,0.463,0.3,0.499,48.9,58.1,5.5,11.5,,0.431,10.3,27.7,0.338,,0.409,12.3,71.1,0.377
2017,27,27,2016-12-18,@,DAL,L,79,99,87.1,109.2,90.7,0.224,0.408,0.473,48.8,53.3,7.7,9.1,,0.447,15.2,13.6,0.145,,0.526,11.3,85.7,0.234
2017,28,28,2016-12-20,,POR,W,126,121,133.6,128.3,94.3,0.597,0.319,0.693,43.1,50,3.2,6.9,,0.625,9.9,13.3,0.5,,0.535,7.2,64.3,0.337
2017,29,29,2016-12-21,@,UTA,W,94,93,109.3,108.2,86,0.324,0.284,0.556,48.8,38.2,5.8,6.4,,0.527,10.6,18.2,0.216,,0.507,11.6,82.5,0.243
2017,30,30,2016-12-23,@,MIN,W,109,105,122.9,118.4,88.7,0.175,0.363,0.633,44.7,64.3,7.9,6.4,,0.619,11.3,16.7,0.125,,0.532,11.7,70,0.266
2017,31,31,2016-12-26,,PHI,W,102,100,103.1,101.1,98.9,0.241,0.287,0.53,52.5,61.5,11.1,7.4,,0.489,16.5,30.2,0.195,,0.551,20.2,78.4,0.165
2017,32,32,2016-12-28,@,POR,L,89,102,96.3,110.4,92.4,0.291,0.354,0.499,46.4,64.5,8.7,6.1,,0.449,11,13,0.228,,0.554,15.2,86.8,0.27
2017,33,33,2016-12-31,,MEM,L,98,112,117.6,134.4,83.3,0.389,0.389,0.581,49.4,54.8,7.2,5.8,,0.507,12.5,28.2,0.347,,0.603,7.1,70,0.08
2017,34,34,2017-01-03,@,DEN,W,120,113,124.9,117.6,96.1,0.205,0.33,0.626,50.8,56.5,7.3,4.5,,0.585,7.7,15.2,0.193,,0.61,13.8,87.5,0.159
2017,35,35,2017-01-04,,MIA,L,102,107,108.3,113.6,94.2,0.218,0.256,0.597,40,65,8.5,6.8,,0.564,15.8,11.1,0.179,,0.569,17.5,75.9,0.347
2017,36,36,2017-01-06,,LAC,L,98,106,108.6,117.5,90.2,0.253,0.345,0.507,52.6,63.9,4.4,5.7,,0.466,5.8,24.5,0.195,,0.542,7.9,82.6,0.179
2017,37,37,2017-01-08,,GSW,L,106,117,104.9,115.7,101.1,0.392,0.378,0.611,40.3,58.3,12.9,8.3,,0.561,17.2,2.9,0.311,,0.562,14.8,69.8,0.191
2017,38,38,2017-01-10,,DET,W,100,94,112.4,105.7,88.9,0.397,0.315,0.583,56.3,65.6,6.7,5.5,,0.527,15.7,30.8,0.315,,0.512,11.9,80.5,0.122
2017,39,39,2017-01-13,,CLE,L,108,120,111.3,123.7,97,0.238,0.313,0.611,51.9,54.8,7.2,10,,0.581,19.2,27.5,0.188,,0.592,11,75.6,0.195
2017,40,40,2017-01-15,,OKC,L,118,122,112.9,116.8,104.5,0.494,0.309,0.598,50,64.9,12.4,9.7,,0.512,18.2,34.1,0.432,,0.494,15,63.8,0.367
2017,41,41,2017-01-18,,IND,L,100,106,109.8,116.4,91,0.375,0.292,0.596,52.9,80,9.9,9.3,,0.549,20,29.4,0.292,,0.567,14,76.5,0.28
2017,42,42,2017-01-20,@,MEM,L,91,107,98,115.2,92.9,0.421,0.382,0.505,37.6,58.1,9.7,10.9,,0.447,10,10.4,0.303,,0.524,13.8,66.7,0.241
2017,43,43,2017-01-21,@,CHI,L,99,102,108.9,112.2,90.9,0.25,0.31,0.531,45.5,54.1,7.7,7.6,,0.494,8.8,20.9,0.19,,0.446,10.1,68.9,0.337
2017,44,44,2017-01-23,@,DET,W,109,104,113.1,107.9,96.4,0.317,0.256,0.583,53.1,62.5,10.4,5.6,,0.543,13,23.8,0.244,,0.561,14.4,84.6,0.146
2017,45,45,2017-01-25,@,CLE,W,116,112,114.4,110.4,91.9,0.232,0.326,0.554,50,67.4,12.8,6.8,,0.511,9.5,24.4,0.2,,0.579,15.7,73.5,0.207
2017,46,46,2017-01-27,@,IND,L,111,115,119.7,124.1,84,0.514,0.357,0.647,59.7,62.9,7.6,2,,0.593,18.1,31.3,0.4,,0.551,9.8,82.5,0.372
2017,47,47,2017-01-28,@,CHO,W,109,106,123.3,119.9,88.4,0.329,0.342,0.603,52.8,65.9,6.8,13.2,,0.589,9.1,22.9,0.203,,0.56,11.4,81.1,0.293
2017,48,48,2017-01-30,@,PHI,L,119,122,124.6,127.8,95.5,0.392,0.392,0.686,53.2,75.6,7.3,5.8,,0.642,18.7,31,0.324,,0.608,12.9,72.7,0.253
2017,49,49,2017-01-31,@,HOU,L,83,105,86,108.8,96.5,0.302,0.337,0.426,42.9,73.3,9.3,17.5,,0.395,10.1,16.9,0.174,,0.529,12.9,76.1,0.176
2017,50,50,2017-02-03,,PHO,L,103,105,106,108.1,97.2,0.259,0.318,0.544,52.4,60.5,5.1,8.3,,0.506,12.1,15.4,0.2,,0.494,10.6,86,0.377
2017,51,51,2017-02-04,,GSW,W,109,106,105.2,102.3,93.9,0.216,0.261,0.566,53.5,58.1,10.6,9.3,,0.528,14.2,19.5,0.182,,0.5,14.8,84.4,0.218
2017,52,52,2017-02-06,,CHI,L,107,112,116.8,122.2,91.6,0.203,0.354,0.622,53.3,65.9,4.4,8.1,,0.589,14.8,25,0.177,,0.568,7.8,79.5,0.247
2017,53,53,2017-02-08,,BOS,W,108,92,112.4,95.8,96.1,0.179,0.298,0.596,50.6,57.1,11.4,2.4,,0.56,13.4,11.1,0.167,,0.466,16.7,83.7,0.329
2017,54,54,2017-02-10,,ATL,W,108,107,111.4,110.3,97,0.263,0.45,0.605,51.3,71.1,12.4,4.9,,0.588,16.8,19,0.175,,0.585,15.9,91.2,0.338
2017,55,55,2017-02-12,,NOP,W,105,99,105.8,99.7,99.3,0.346,0.397,0.584,56.1,65.7,11.1,9.8,,0.519,17.5,21.1,0.308,,0.494,15.7,86.4,0.22
2017,56,56,2017-02-14,@,LAL,W,97,96,105.3,104.2,92.1,0.342,0.329,0.577,46.9,63.9,9.8,5.6,,0.541,16.8,18.9,0.247,,0.53,15.9,70.5,0.096
2017,57,57,2017-02-15,@,GSW,L,86,109,88.6,112.3,97,0.191,0.27,0.446,52.1,69.7,4.1,12.5,,0.41,15.7,23.1,0.146,,0.565,7.9,86.4,0.167
2017,58,58,2017-02-23,,DEN,W,116,100,116.9,100.8,99.2,0.216,0.159,0.602,51.7,56.5,8.1,7.5,,0.563,12.7,21.4,0.193,,0.511,14.5,78.7,0.114
2017,59,59,2017-02-25,,CHO,L,85,99,96.9,112.9,87.7,0.19,0.354,0.496,45.1,58.1,3.4,12.8,,0.462,14.1,19.6,0.152,,0.482,9.7,71.1,0.2
2017,60,60,2017-02-27,,MIN,L,88,102,91.4,106,96.3,0.183,0.207,0.497,44.7,63.9,6.2,5.6,,0.476,16.9,16.3,0.122,,0.463,8.8,68.6,0.147
2017,61,61,2017-03-01,,BRK,L,100,109,106.1,115.7,94.2,0.272,0.272,0.551,46.9,34.3,8.5,6.5,,0.5,14.2,23.3,0.235,,0.534,16.7,73.7,0.405
2017,62,62,2017-03-05,,UTA,L,109,110,110.6,111.6,89.3,0.241,0.205,0.594,44,55.8,8.1,5.3,,0.566,11.6,12.5,0.181,,0.511,11.3,72.7,0.2
2017,63,63,2017-03-06,@,DEN,L,96,108,101.9,114.7,94.2,0.253,0.193,0.52,50,55.6,9.6,2.3,,0.47,14,25,0.217,,0.588,16.5,80.6,0.284
2017,64,64,2017-03-08,@,SAS,L,104,114,105.1,115.2,99,0.186,0.221,0.559,49.4,47.6,7.1,5.5,,0.529,12.3,11.9,0.151,,0.583,11.4,86,0.19
2017,65,65,2017-03-10,,WAS,L,122,130,116.2,123.8,95.1,0.304,0.25,0.585,43.5,61.4,4.8,1.3,,0.543,8.7,16.7,0.239,,0.543,7.4,72.7,0.163
2017,66,66,2017-03-11,,DEN,L,92,105,101.4,115.7,90.7,0.244,0.28,0.507,48.2,66.7,4.4,3.9,,0.488,11.7,22.2,0.146,,0.524,8.8,77.5,0.188
2017,67,67,2017-03-13,,ORL,W,120,115,115.7,110.9,103.7,0.256,0.366,0.658,48.2,54.5,7.7,9.4,,0.634,14.1,5.4,0.195,,0.526,10.4,81.3,0.122
2017,68,68,2017-03-15,@,PHO,W,107,101,103.1,97.3,103.8,0.43,0.177,0.569,50.5,57.9,7.7,13.4,,0.519,16.1,20.5,0.316,,0.43,10.3,71.4,0.084
2017,69,69,2017-03-18,@,OKC,L,94,110,100.6,117.7,93.4,0.271,0.247,0.494,41.7,45.7,9.6,3.6,,0.441,11.2,20,0.224,,0.561,13.1,66.7,0.22
2017,70,70,2017-03-19,@,SAS,L,102,118,114,131.9,89.4,0.205,0.12,0.564,47.1,70.7,4.5,6.8,,0.536,10.8,23.1,0.157,,0.557,5.7,67.4,0.241
2017,71,71,2017-03-22,,MIL,L,98,116,108.1,128,90.6,0.119,0.31,0.554,49.3,46.3,6.6,13,,0.548,12,20.5,0.071,,0.63,10.1,80.6,0.173
2017,72,72,2017-03-24,@,GSW,L,100,114,103.2,117.7,96.9,0.157,0.253,0.564,45.7,67.5,7.2,6.9,,0.542,17.6,16.2,0.12,,0.551,11,70.5,0.18
2017,73,73,2017-03-26,@,LAC,W,98,97,105.1,104.1,93.2,0.155,0.333,0.546,50.5,60.5,5.4,8.2,,0.53,11.8,13.3,0.107,,0.474,9.1,87,0.295
2017,74,74,2017-03-27,,MEM,W,91,90,111,109.7,82,0.448,0.373,0.567,44.4,51.6,4.9,9.4,,0.507,12.1,23.5,0.343,,0.372,6.4,59.6,0.256
2017,75,75,2017-03-29,,UTA,L,82,112,89.6,122.4,91.5,0.24,0.2,0.494,42.7,41.2,7.7,2.1,,0.467,13.6,5.3,0.16,,0.614,11.2,81.1,0.19
2017,76,76,2017-03-31,@,NOP,L,89,117,87.4,114.9,101.8,0.189,0.222,0.457,53.6,51.4,6.9,9.7,,0.422,17,28.6,0.144,,0.537,10.4,79.2,0.158
2017,77,77,2017-04-01,@,MIN,W,123,117,121.9,116,100.9,0.423,0.244,0.665,49.4,61.4,5,6.7,,0.635,15.5,18.4,0.308,,0.5,8.8,76.7,0.345
2017,78,78,2017-04-04,,DAL,W,98,87,105.2,93.4,93.1,0.21,0.272,0.554,56.7,47.2,11.8,5.4,,0.519,16.9,26.2,0.173,,0.475,15.7,83.3,0.138
2017,79,79,2017-04-07,@,LAL,L,94,98,102.2,106.5,92,0.173,0.267,0.582,49.4,71.1,5.4,9.7,,0.56,22.2,28.6,0.133,,0.465,12.6,65.2,0.209
2017,80,80,2017-04-09,,HOU,L,128,135,124.3,131.1,103,0.319,0.33,0.597,48.1,55.3,7.8,5.4,,0.548,4.5,16.3,0.266,,0.675,14.6,86.1,0.338
2017,81,81,2017-04-11,,PHO,W,129,104,121.9,98.3,105.8,0.518,0.229,0.633,53.4,65.1,6.6,2.5,,0.572,11.3,21.1,0.41,,0.413,7,72.3,0.128
2017,82,82,2017-04-12,@,LAC,L,95,115,107.8,130.5,88.1,0.173,0.136,0.545,46.3,67.5,2.3,1.8,,0.525,10.3,17.9,0.123,,0.578,6,73.2,0.229
2016,1,1,2015-10-28,,LAC,L,104,111,101.6,108.4,102.4,0.191,0.255,0.51,53.8,58.5,7.8,4.9,,0.495,13.6,25,0.117,,0.563,13.8,86,0.263
2016,2,2,2015-10-30,,LAL,W,132,114,120.8,104.3,109.3,0.297,0.218,0.578,60.2,50,5.5,12.7,,0.545,10.9,35.6,0.218,,0.522,15.8,83.3,0.236
2016,3,3,2015-10-31,@,LAC,L,109,114,105.3,110.2,103.5,0.248,0.178,0.487,54.4,46.5,8.7,3.4,,0.455,10.4,35.2,0.168,,0.539,15,83.3,0.421
2016,4,4,2015-11-03,,MEM,L,89,103,93.9,108.7,94.7,0.541,0.27,0.486,41.2,58.6,8.4,1.6,,0.439,12.4,17.4,0.324,,0.5,14.5,69.2,0.241
2016,5,5,2015-11-04,@,PHO,L,97,118,98.6,120,98.3,0.143,0.286,0.543,44.6,62.5,9.2,6.7,,0.542,16,17.9,0.071,,0.627,16.3,74.3,0.169
2016,6,6,2015-11-06,,HOU,L,110,116,108.6,114.5,101.3,0.312,0.301,0.52,46.7,65,13.8,6.5,,0.478,12.4,28.6,0.226,,0.579,18.3,67.4,0.256
2016,7,7,2015-11-07,,GSW,L,94,103,94.3,103.4,99.6,0.184,0.218,0.5,49.5,68.4,9,5.7,,0.471,18.3,29.5,0.138,,0.457,15,68.1,0.207
2016,8,8,2015-11-09,,SAS,L,88,106,89.3,107.6,98.5,0.226,0.226,0.476,47.7,73.5,10.2,7.8,,0.446,17.1,22.4,0.155,,0.563,14.8,79.5,0.092
2016,9,9,2015-11-11,,DET,W,101,92,105.3,96,95.9,0.324,0.216,0.597,50.5,54.1,7.3,3.5,,0.561,17.6,18.4,0.243,,0.433,14.1,73.6,0.169
2016,10,10,2015-11-13,,BRK,W,111,109,109.3,107.3,101.6,0.277,0.287,0.526,53.2,62.5,10.8,4.4,,0.484,11.7,30,0.213,,0.517,13.2,79.5,0.191
2016,11,11,2015-11-15,,TOR,W,107,101,110.5,104.3,96.8,0.316,0.329,0.618,53.8,59,8.3,8.9,,0.579,18,23.7,0.25,,0.523,13.9,82.5,0.115
2016,12,12,2015-11-18,@,ATL,L,97,103,99.3,105.4,97.7,0.209,0.186,0.516,53.6,68.4,7.2,1.7,,0.471,17.6,28.3,0.186,,0.478,9.9,76.5,0.202
2016,13,13,2015-11-19,@,MIA,L,109,116,111.6,118.7,97.7,0.238,0.274,0.587,50.6,58.1,3.1,4.6,,0.583,16.2,23.7,0.131,,0.511,6.3,73.3,0.281
2016,14,14,2015-11-21,@,ORL,W,97,91,101.5,95.3,95.5,0.383,0.247,0.512,48.5,74.2,11.5,8.2,,0.426,12.9,22.2,0.346,,0.462,15.1,71.2,0.065
2016,15,15,2015-11-23,@,CHO,L,122,127,101.9,106.1,108.4,0.154,0.298,0.549,48.9,65.4,8.4,11.6,,0.538,15.3,16.7,0.096,,0.546,14.8,82.6,0.204
2016,16,16,2015-11-25,@,MIL,W,129,118,134.8,123.3,95.7,0.481,0.299,0.691,53.2,52.3,9.4,12.3,,0.636,7.9,20.6,0.403,,0.551,9.9,77.8,0.239
2016,17,17,2015-11-27,,MIN,L,91,101,100.7,111.8,90.3,0.174,0.256,0.491,43.9,56.8,4.4,5.8,,0.477,13.9,26.1,0.105,,0.539,16.6,66.7,0.234
2016,18,18,2015-11-28,@,GSW,L,101,120,106.4,126.4,94.9,0.15,0.25,0.474,50,56.4,9.5,14,,0.44,11.6,35.2,0.13,,0.588,13,69,0.325
2016,19,19,2015-11-30,,DAL,W,112,98,114.8,100.5,97.5,0.557,0.392,0.569,51.2,61.1,1,2.1,,0.513,10.1,22.5,0.392,,0.482,14.6,78.6,0.202
2016,20,20,2015-12-03,,BOS,L,97,114,94.8,111.4,102.3,0.532,0.273,0.51,53.5,72.4,7.8,7.8,,0.422,16.7,20.9,0.416,,0.56,14.5,86,0.238
2016,21,21,2015-12-05,@,HOU,L,113,120,113.5,120.5,99.6,0.133,0.265,0.545,52.2,76.1,12.1,15.9,,0.52,11.1,30.2,0.112,,0.564,14.9,72.3,0.41
2016,22,22,2015-12-06,@,OKC,L,95,98,95.9,98.9,99.1,0.341,0.273,0.469,39.8,57.1,11.1,7.8,,0.438,12.2,23.2,0.205,,0.442,17.4,59.6,0.256
2016,23,23,2015-12-08,,UTA,W,114,106,124.7,116,91.4,0.312,0.364,0.651,47.6,67.4,6.6,3.6,,0.623,14.6,26.5,0.234,,0.495,10.6,62,0.163
2016,24,24,2015-12-10,,NYK,W,99,97,99.9,97.9,99.1,0.172,0.172,0.495,44.9,57.1,6.1,5.6,,0.468,10.7,19.6,0.129,,0.452,15.9,72.3,0.265
2016,25,25,2015-12-15,,HOU,W,107,97,102.2,92.6,104.7,0.387,0.32,0.61,56.6,65.8,12.4,7,,0.58,24.2,23.7,0.267,,0.488,18.6,84.4,0.207
2016,26,26,2015-12-18,@,MIN,L,95,99,105.4,109.9,90.1,0.21,0.284,0.537,38.8,57.9,11.1,3.1,,0.512,11.9,18.6,0.148,,0.512,16.8,62.2,0.183
2016,27,27,2015-12-20,@,TOR,W,104,94,108.2,97.8,96.1,0.316,0.276,0.601,46.2,65,8.3,12.3,,0.586,14.8,12.2,0.197,,0.415,10.6,74,0.17
2016,28,28,2015-12-21,@,WAS,L,99,113,101.6,116,97.4,0.242,0.242,0.492,54.8,64.9,8.2,5.1,,0.445,13,27.7,0.198,,0.59,10.8,89.2,0.181
2016,29,29,2015-12-23,@,IND,W,108,106,104.9,103,102.9,0.18,0.258,0.562,56.3,60.9,5.8,7,,0.539,14.3,15.8,0.135,,0.528,10.1,87.8,0.135
2016,30,30,2015-12-27,,POR,L,94,98,92.6,96.6,101.5,0.408,0.316,0.524,45.3,73.3,9.9,8.5,,0.454,19.7,15.6,0.329,,0.467,15.4,72,0.13
2016,31,31,2015-12-28,@,GSW,L,103,122,98.2,116.3,104.9,0.295,0.326,0.48,44.9,62.2,9.5,8.5,,0.458,11.5,22,0.168,,0.596,15.3,72.9,0.18
2016,32,32,2015-12-30,,PHI,L,105,110,100.1,104.9,104.9,0.554,0.338,0.57,46.5,63.9,4.8,7.9,,0.541,19.3,15.9,0.338,,0.473,10.7,70.9,0.223
2016,33,33,2016-01-02,,PHO,W,142,119,136,114,104.4,0.391,0.264,0.696,64.8,56.6,8.6,3.7,,0.661,12.1,32.3,0.31,,0.578,14.4,90,0.277
2016,34,34,2016-01-04,@,OKC,W,116,104,114.1,102.3,101.7,0.438,0.191,0.546,55.2,65,6.9,13.3,,0.489,12.4,31.7,0.326,,0.494,13.1,76.1,0.18
2016,35,35,2016-01-05,@,DAL,L,116,117,103.5,104.4,92.7,0.141,0.323,0.552,47.1,57.4,14.3,1.4,,0.535,15.3,17.6,0.101,,0.52,13.6,75.5,0.153
2016,36,36,2016-01-07,,LAL,W,118,115,118.8,115.8,99.3,0.318,0.247,0.609,52.9,68.1,8.1,11.5,,0.588,13.4,27,0.212,,0.592,16.9,81.8,0.329
2016,37,37,2016-01-09,,GSW,L,116,128,112.4,124,103.2,0.315,0.25,0.554,41.5,62.8,7.7,6,,0.511,8.7,15.2,0.239,,0.672,16.1,75,0.126
2016,38,38,2016-01-13,,NOP,L,97,109,100.3,112.7,96.7,0.167,0.274,0.538,53.6,51.2,4.1,10.4,,0.524,16.6,23.8,0.107,,0.5,6.3,76.4,0.09
2016,39,39,2016-01-14,@,UTA,W,103,101,107.9,105.8,95.4,0.568,0.149,0.557,58.7,55.9,12.6,4.1,,0.493,14,33.3,0.405,,0.458,11.7,80,0.301
2016,40,40,2016-01-16,@,LAC,W,110,103,112.2,105,98.1,0.434,0.329,0.608,53.1,77.8,5.1,14,,0.559,15.8,22,0.329,,0.464,9.5,75.4,0.146
2016,41,41,2016-01-20,@,LAL,W,112,93,114.6,95.1,97.8,0.315,0.225,0.553,59,65.1,6.1,18.5,,0.517,12.1,34.1,0.225,,0.378,8,78.6,0.278
2016,42,42,2016-01-21,,ATL,W,91,88,90.6,87.6,100.5,0.261,0.261,0.444,57.1,72.7,12.9,7.8,,0.397,15.6,32.7,0.196,,0.464,17.3,84.8,0.119
2016,43,43,2016-01-23,,IND,W,108,97,110.9,99.6,97.4,0.424,0.188,0.536,55.9,50,7.2,6,,0.476,12.2,28.9,0.318,,0.459,9.3,81.3,0.209
2016,44,44,2016-01-25,,CHO,L,128,129,113,113.8,93.8,0.352,0.253,0.609,54.9,75,3.5,12.1,,0.566,17.3,23.1,0.275,,0.491,6.9,74.6,0.191
2016,45,45,2016-01-26,@,POR,L,97,112,97.3,112.4,99.7,0.372,0.221,0.485,48.4,72.2,7,8.3,,0.459,11.5,20.8,0.209,,0.539,10.9,77.8,0.167
2016,46,46,2016-01-28,@,NOP,L,105,114,99.3,107.8,105.8,0.225,0.315,0.537,46,72.5,5.7,11.1,,0.506,11.7,10.3,0.169,,0.49,11.4,75,0.184
2016,47,47,2016-01-30,@,MEM,L,117,121,112,115.8,104.5,0.413,0.261,0.538,61.4,42.1,9.6,4.9,,0.462,14.9,37.5,0.348,,0.57,12,94.3,0.392
2016,48,48,2016-02-01,,MIL,W,111,104,117,109.6,94.8,0.349,0.302,0.559,58.9,53.8,7.4,4.7,,0.506,13.9,40,0.279,,0.548,14.1,77.8,0.143
2016,49,49,2016-02-03,,CHI,L,102,107,99.7,104.6,102.3,0.216,0.227,0.529,47.9,50,11.7,11.9,,0.511,14.2,18.8,0.136,,0.517,14.9,78.3,0.182
2016,50,50,2016-02-05,@,BRK,L,119,128,116.8,125.6,101.9,0.247,0.292,0.603,40.3,66.7,14.7,5.2,,0.551,10,12.5,0.236,,0.663,18.5,70.3,0.163
2016,51,51,2016-02-07,@,BOS,L,119,128,110.4,118.8,107.8,0.2,0.274,0.576,39.5,68.1,13.9,7.5,,0.547,11.9,15.9,0.158,,0.632,19.7,67.6,0.143
2016,52,52,2016-02-08,@,CLE,L,100,120,97.5,117,102.5,0.354,0.28,0.528,45.4,77.8,10.7,6.8,,0.494,15.2,16.3,0.232,,0.564,12,75,0.149
2016,53,53,2016-02-10,@,PHI,W,114,110,119.1,114.9,95.7,0.333,0.184,0.571,50,65.9,7.3,10.7,,0.529,11.5,36.6,0.253,,0.544,16.2,61.7,0.121
2016,54,54,2016-02-19,,DEN,W,116,110,106.2,100.7,109.2,0.373,0.253,0.6,50.6,39,11,12.1,,0.554,18.5,16.7,0.289,,0.511,15.1,80.9,0.2
2016,55,55,2016-02-23,@,DEN,W,114,110,108.2,104.4,105.4,0.337,0.205,0.598,53.2,65.1,8.5,16.4,,0.56,14.4,15.8,0.253,,0.46,9.9,78.6,0.18
2016,56,56,2016-02-24,,SAS,L,92,108,89.7,105.3,102.6,0.156,0.188,0.448,46.8,69.2,12.7,1.5,,0.438,12,18.5,0.083,,0.565,14.9,85,0.141
2016,57,57,2016-02-26,,LAC,L,107,117,113.2,123.8,94.5,0.474,0.308,0.567,51.8,55.9,6.3,5,,0.513,14.5,30.2,0.346,,0.534,7.4,73.8,0.247
2016,58,58,2016-02-29,,OKC,L,116,131,114,128.8,101.7,0.178,0.234,0.503,49.5,58.3,10.8,0,,0.481,8,37.3,0.121,,0.659,18.4,70.6,0.28
2016,59,59,2016-03-02,@,MEM,L,98,104,102.8,109.1,95.3,0.244,0.317,0.54,54.3,79.5,7.3,4.9,,0.53,20.9,41,0.134,,0.475,16.9,66.7,0.367
2016,60,60,2016-03-03,@,DAL,W,104,101,108.9,105.8,95.5,0.3,0.313,0.574,47.8,54.8,8.4,6.2,,0.569,12.6,20.9,0.163,,0.516,13.4,72.3,0.043
2016,61,61,2016-03-05,@,SAS,L,94,104,95.4,105.5,98.6,0.259,0.198,0.521,41.8,56.8,13.2,6.9,,0.494,17.4,16.7,0.173,,0.543,19,70.3,0.198
2016,62,62,2016-03-07,@,NOP,L,112,115,102.1,104.8,109.7,0.325,0.301,0.59,50.6,65.9,10.9,1.4,,0.536,18.8,15.4,0.277,,0.516,13.9,79.2,0.191
2016,63,63,2016-03-09,,CLE,L,111,120,111,120,100,0.381,0.262,0.566,42.7,50,8,4.3,,0.524,8.4,12.2,0.274,,0.506,11,68.8,0.322
2016,64,64,2016-03-11,,ORL,L,100,107,100,107,100,0.284,0.284,0.505,42,65.7,9,6.3,,0.443,14.7,23.5,0.25,,0.544,16.8,67.6,0.266
2016,65,65,2016-03-13,,UTA,L,99,108,107.1,116.8,92.4,0.259,0.259,0.549,43.4,65.8,8.7,9.3,,0.525,10,18.2,0.173,,0.549,14.9,71.8,0.22
2016,66,66,2016-03-15,@,LAL,W,106,98,101.6,93.9,104.3,0.418,0.228,0.567,45.6,68.4,16.3,13.8,,0.506,14.6,11.4,0.329,,0.47,18.7,78.3,0.226
2016,67,67,2016-03-16,,NOP,L,108,123,111,126.4,97.3,0.189,0.2,0.554,48.1,54.8,7.2,2.9,,0.517,10.1,18.6,0.167,,0.611,7.6,81.6,0.144
2016,68,68,2016-03-18,@,DET,L,108,115,113.8,121.2,94.9,0.367,0.19,0.588,41.7,52.5,8.4,6.1,,0.532,10.7,17.5,0.304,,0.543,13.1,63.6,0.163
2016,69,69,2016-03-20,@,NYK,W,88,80,97.8,88.9,90,0.159,0.284,0.467,47.1,57.1,12.2,4.2,,0.438,10.5,25,0.125,,0.374,12.5,66.1,0.132
2016,70,70,2016-03-21,@,CHI,L,102,109,105.5,112.7,96.7,0.182,0.33,0.537,55.6,57.5,6.2,3,,0.506,16.7,32.6,0.148,,0.516,8.2,76.6,0.165
2016,71,71,2016-03-23,@,MIN,L,104,113,102.9,111.8,101,0.253,0.22,0.514,48.2,54.8,5.9,6,,0.505,14.4,29.2,0.132,,0.594,15.3,74.3,0.225
2016,72,72,2016-03-25,,PHO,W,116,94,110.2,89.3,105.3,0.433,0.244,0.541,47.7,70,9.5,11.3,,0.483,10.1,23.5,0.322,,0.42,17.4,69,0.16
2016,73,73,2016-03-27,,DAL,W,133,111,134.8,112.5,98.7,0.366,0.244,0.699,50,62.7,11.1,4.7,,0.677,10.4,17.1,0.268,,0.523,11.7,74.5,0.216
2016,74,74,2016-03-28,@,POR,L,93,105,94,106.1,99,0.213,0.169,0.478,50.6,54.1,11.1,3.9,,0.455,12.6,22.9,0.135,,0.563,17.8,86.5,0.188
2016,75,75,2016-03-30,,WAS,W,120,111,114.5,105.9,104.8,0.298,0.214,0.632,48.8,57.4,12.4,9.5,,0.607,14.4,15.8,0.214,,0.534,17,77.3,0.18
2016,76,76,2016-04-01,,MIA,L,106,112,110.9,117.2,95.6,0.333,0.241,0.531,51.9,52.6,7.3,8.3,,0.477,11.5,34,0.264,,0.585,16.7,78.1,0.195
2016,77,77,2016-04-02,@,DEN,W,115,106,120.5,111,95.5,0.352,0.239,0.566,49,65.9,4.2,7.9,,0.511,6.4,23.9,0.284,,0.484,8.9,71.2,0.185
2016,78,78,2016-04-05,,POR,L,107,115,108.1,116.1,99,0.269,0.282,0.613,41,48.8,6.1,11.3,,0.596,17.9,9.1,0.179,,0.495,11.8,62,0.247
2016,79,79,2016-04-07,,MIN,L,97,105,104,112.5,93.3,0.247,0.2,0.515,52.2,52.8,11.8,8.5,,0.459,16.8,36.2,0.224,,0.519,13.8,69.8,0.275
2016,80,80,2016-04-09,,OKC,W,114,112,118.4,116.3,96.3,0.213,0.34,0.554,47.6,48.9,12.5,8.2,,0.548,9.7,34,0.117,,0.562,18.4,64.9,0.259
2016,81,81,2016-04-11,@,PHO,W,105,101,98.6,94.8,106.5,0.337,0.205,0.551,44,61,10.3,15.4,,0.53,15.9,10.5,0.205,,0.435,15,67.9,0.14
2016,82,82,2016-04-13,@,HOU,L,81,116,79.9,114.4,101.4,0.135,0.385,0.398,47.1,65.6,10.8,6.5,,0.391,14.3,26.8,0.063,,0.536,11.7,70.8,0.124
2015,1,1,2014-10-29,,GSW,L,77,95,75.6,93.3,101.8,0.449,0.231,0.412,53.2,54.2,10.8,6.3,,0.327,21.8,28.8,0.333,,0.48,19.8,83.3,0.307
2015,2,2,2014-10-31,,POR,W,103,94,116.3,106.1,88.6,0.432,0.123,0.534,56.3,41.2,6.8,3.5,,0.444,9.4,33.3,0.383,,0.464,9.9,77.8,0.205
2015,3,3,2014-11-02,@,LAC,W,98,92,108.2,101.5,90.6,0.485,0.147,0.594,56.8,61.8,4.4,19.3,,0.522,18.7,27.3,0.397,,0.426,7.6,77.1,0.193
2015,4,4,2014-11-03,@,DEN,W,110,105,109.5,104.5,100.4,0.58,0.111,0.541,54.3,61.8,8,7.2,,0.432,12.9,34.1,0.494,,0.414,12.2,70.6,0.301
2015,5,5,2014-11-05,,DEN,W,131,109,131.7,109.6,99.5,0.658,0.263,0.668,55.6,50,8,5.6,,0.605,11.7,26.5,0.513,,0.506,12.8,81.6,0.317
2015,6,6,2014-11-07,@,PHO,W,114,112,105.4,103.6,89.5,0.429,0.176,0.527,58.8,41,5.5,6,,0.445,12.2,28.3,0.363,,0.48,9.9,83.9,0.184
2015,7,7,2014-11-09,@,OKC,L,93,101,104.6,113.6,88.9,0.275,0.3,0.519,48.1,63.9,12.4,3.3,,0.488,10,23.7,0.188,,0.5,13.5,71.8,0.295
2015,8,8,2014-11-11,@,DAL,L,98,106,108.3,117.1,90.5,0.444,0.264,0.569,56.6,53.1,5.5,1.9,,0.507,18.9,33.3,0.347,,0.538,10.8,77.5,0.25
2015,9,9,2014-11-13,@,MEM,L,110,111,122.2,123.4,90,0.442,0.169,0.598,59.5,32.4,6.7,7.4,,0.526,13.2,37.1,0.377,,0.545,8.9,79.5,0.351
2015,10,10,2014-11-15,,SAS,W,94,91,100.7,97.5,93.3,0.279,0.14,0.487,52.5,51.4,5.4,10.7,,0.43,8.5,20.5,0.233,,0.469,13.7,82.9,0.2
2015,11,11,2014-11-18,,NOP,L,100,106,109,115.6,91.7,0.337,0.128,0.506,61.9,60.5,3.3,3.6,,0.465,13.2,37.8,0.233,,0.551,6.3,89.7,0.241
2015,12,12,2014-11-20,,CHI,W,103,88,114.3,97.7,90.1,0.365,0.081,0.6,48.8,68.4,5.5,6.2,,0.541,13.1,19.4,0.311,,0.458,13.3,71.7,0.131
2015,13,13,2014-11-22,@,MIN,W,113,101,120.2,107.4,94,0.37,0.321,0.6,57.5,60,4.3,2.7,,0.543,16,38.9,0.309,,0.444,8.9,70.6,0.233
2015,14,14,2014-11-25,@,NOP,W,99,89,115.2,103.6,85.9,0.312,0.182,0.565,48.7,43.2,10.5,6.5,,0.513,9.3,21.2,0.26,,0.437,9.8,68.9,0.253
2015,15,15,2014-11-26,@,HOU,L,89,102,98.5,112.9,90.4,0.394,0.225,0.534,53.9,51.6,2.2,13.6,,0.472,19.4,26.3,0.31,,0.511,3.8,74.5,0.064
2015,16,16,2014-11-28,@,SAS,L,104,112,113.8,122.6,91.4,0.347,0.133,0.602,58.2,57.9,4.4,6.9,,0.547,13.9,21.6,0.293,,0.585,6.2,90.5,0.195
2015,17,17,2014-11-30,,MEM,L,85,97,92.3,105.3,92.1,0.386,0.157,0.519,54.5,48.5,7.6,6.1,,0.479,21.9,30.6,0.257,,0.5,12.5,75.6,0.228
2015,18,18,2014-12-02,,TOR,L,109,117,119.9,128.6,90.9,0.493,0.133,0.597,49.3,71.8,5.5,4.6,,0.54,14.1,37.1,0.373,,0.557,11.8,61.8,0.216
2015,19,19,2014-12-05,,IND,W,102,101,100,99,92.4,0.482,0.12,0.507,53.3,44.4,5.9,2.9,,0.446,12.2,24.4,0.337,,0.406,6.9,80.9,0.24
2015,20,20,2014-12-06,,ORL,L,96,105,108.6,118.8,88.4,0.354,0.19,0.526,46.7,62.9,5.7,3.5,,0.468,10.8,23.1,0.278,,0.56,10.1,72.2,0.145
2015,21,21,2014-12-08,,UTA,W,101,92,108.1,98.4,93.5,0.486,0.108,0.562,56.3,51.4,8.6,3.2,,0.493,15.1,29.4,0.378,,0.424,12,76.1,0.316
2015,22,22,2014-12-09,@,LAL,L,95,98,102,105.2,93.1,0.529,0.214,0.551,51.6,62.5,3.2,4.2,,0.507,15.6,22.5,0.343,,0.422,4.5,73.6,0.177
2015,23,23,2014-12-11,,HOU,L,109,113,104.7,108.5,94.3,0.405,0.214,0.551,51.2,56.4,7.7,7.8,,0.512,17.5,28.2,0.274,,0.479,11.4,70.2,0.232
2015,24,24,2014-12-13,,DET,L,90,95,97.9,103.4,91.9,0.204,0.312,0.444,56.1,63.6,4.4,11.9,,0.414,13.6,38.6,0.14,,0.481,12.7,80.5,0.241
2015,25,25,2014-12-16,,OKC,L,92,104,99,111.9,93,0.202,0.214,0.503,53.9,58.3,7.5,4.5,,0.458,15.7,31,0.179,,0.506,9.3,74.5,0.184
2015,26,26,2014-12-18,,MIL,L,107,108,111.1,112.2,96.3,0.493,0.209,0.656,56.5,63.2,5.2,0,,0.612,20.5,15.4,0.373,,0.58,15.6,86.1,0.28
2015,27,27,2014-12-21,,LAL,W,108,101,113,105.7,95.6,0.456,0.291,0.569,48.4,39.5,8.4,11.5,,0.525,12.9,25.6,0.316,,0.437,13.8,65.4,0.287
2015,28,28,2014-12-22,@,GSW,L,108,128,106.7,126.4,101.2,0.233,0.189,0.544,46.4,72.1,4.9,7.6,,0.522,11.6,20.5,0.156,,0.588,10.6,75,0.231
2015,29,29,2014-12-26,,PHO,L,106,115,112.4,121.9,94.3,0.258,0.215,0.512,51.1,43.9,8.5,3.3,,0.478,10.4,37.5,0.183,,0.564,12.4,65.2,0.096
2015,30,30,2014-12-27,,NYK,W,135,129,126.3,120.7,96.8,0.371,0.18,0.652,47.6,46.9,8.4,9.1,,0.596,14.1,27,0.326,,0.526,11.9,64.4,0.278
2015,31,31,2014-12-29,@,BRK,L,99,107,108.1,116.8,91.6,0.263,0.263,0.584,52.4,59.5,5.5,5.1,,0.546,19.8,29.7,0.211,,0.5,8.5,70.2,0.338
2015,32,32,2014-12-31,@,BOS,L,84,106,83.3,105.2,100.8,0.322,0.172,0.423,48.4,37.5,8.9,6.8,,0.379,13.9,21.6,0.207,,0.495,9.9,79.5,0.138
2015,33,33,2015-01-01,@,MIN,W,110,107,114.8,111.7,95.8,0.392,0.162,0.634,52.5,57.5,7.3,10.4,,0.574,18.7,30.3,0.338,,0.5,12.2,68.1,0.176
2015,34,34,2015-01-04,@,DET,L,95,114,94.6,113.5,100.4,0.48,0.2,0.523,45.6,56.3,9,6.7,,0.447,14.2,10.9,0.373,,0.56,11.7,81.8,0.132
2015,35,35,2015-01-07,,OKC,W,104,83,99.7,79.6,104.3,0.304,0.207,0.498,49.1,50,11.5,6.8,,0.446,13.3,25,0.239,,0.376,19.5,72.2,0.18
2015,36,36,2015-01-09,,DEN,L,108,118,112.7,123.1,95.9,0.279,0.221,0.559,49.4,45.2,5.2,8.8,,0.523,12.7,29.3,0.209,,0.582,10.2,72.2,0.224
2015,37,37,2015-01-11,,CLE,W,103,84,115,93.8,89.6,0.198,0.198,0.551,52.3,47.6,8.9,8.7,,0.523,4.1,16.7,0.151,,0.494,14.4,86.4,0.09
2015,38,38,2015-01-13,,DAL,L,104,108,97.9,101.7,96.2,0.395,0.209,0.515,57.3,57.9,6.6,2.6,,0.448,16.5,27.3,0.314,,0.46,8.3,79.7,0.16
2015,39,39,2015-01-16,,MIA,L,83,95,96.2,110.1,86.3,0.187,0.213,0.511,47.9,62.5,3.5,1.8,,0.473,15.6,15.8,0.16,,0.527,9.8,82.9,0.23
2015,40,40,2015-01-17,,LAC,L,108,117,115.2,124.8,93.8,0.292,0.202,0.538,61.4,43.9,3.2,3.1,,0.489,14.5,48.9,0.236,,0.527,4.5,74.4,0.217
2015,41,41,2015-01-19,@,POR,L,94,98,95.4,99.5,98.5,0.395,0.158,0.527,60.2,38.2,8.1,9.6,,0.474,19.1,29.7,0.289,,0.46,11.6,82.4,0.193
2015,42,42,2015-01-21,,BRK,L,100,103,104.9,108,95.4,0.286,0.214,0.529,49.4,56.4,5.2,3.4,,0.494,12.9,23.3,0.202,,0.5,13.2,76.2,0.304
2015,43,43,2015-01-23,@,GSW,L,101,126,97.3,121.4,103.8,0.415,0.207,0.521,48.3,55.9,11.6,5.6,,0.439,16.4,24.4,0.354,,0.569,14.1,72.7,0.202
2015,44,44,2015-01-28,@,TOR,L,102,119,108.2,126.2,94.3,0.397,0.233,0.595,44.3,48.6,6.4,8,,0.527,16.5,17.6,0.342,,0.613,14.8,69.4,0.19
2015,45,45,2015-01-30,@,CLE,L,90,101,92.1,103.4,97.7,0.381,0.214,0.459,53.2,50,10.2,6.1,,0.375,14,27.5,0.321,,0.544,15.9,83.7,0.175
2015,46,46,2015-01-31,@,IND,W,99,94,106.1,100.7,93.3,0.363,0.188,0.534,53.5,47.1,8.6,1.8,,0.456,11.5,22.5,0.325,,0.444,13.3,80.4,0.288
2015,47,47,2015-02-03,,GSW,L,96,121,97.9,123.4,98,0.304,0.203,0.536,41,48.6,7.1,5.9,,0.487,16.7,14.6,0.241,,0.56,9.7,66.7,0.209
2015,48,48,2015-02-05,,DAL,L,78,101,79.4,102.8,98.2,0.278,0.266,0.44,50.5,44.8,5.1,12.9,,0.386,16.1,14.9,0.215,,0.49,8.2,84,0.073
2015,49,49,2015-02-07,@,UTA,L,90,102,102.6,116.3,87.7,0.402,0.159,0.466,48.2,46.9,3.4,7.5,,0.409,11.1,32.6,0.28,,0.529,8.8,65,0.128
2015,50,50,2015-02-08,,PHO,W,85,83,90.6,88.5,93.8,0.28,0.16,0.505,50,58.8,1.1,7.9,,0.48,15.1,11.1,0.173,,0.39,9.2,78,0.132
2015,51,51,2015-02-10,@,CHI,L,86,104,99.6,120.4,86.4,0.36,0.16,0.495,57.7,65.7,3.5,5,,0.48,13,31.7,0.187,,0.569,7.5,86.5,0.163
2015,52,52,2015-02-11,@,MIL,L,103,111,106.1,114.3,97.1,0.357,0.262,0.53,51.6,66.7,7.2,7.7,,0.476,15.6,31.4,0.274,,0.531,13,76.2,0.325
2015,53,53,2015-02-20,,BOS,W,109,101,110.4,102.3,98.8,0.313,0.265,0.577,58.8,65,6.1,6.4,,0.53,20.3,44.7,0.253,,0.43,9,67.8,0.15
2015,54,54,2015-02-21,@,LAC,L,99,126,92.4,117.6,107.1,0.523,0.182,0.457,50.5,60,3.7,11.7,,0.364,13.6,24.6,0.398,,0.558,9.3,78.8,0.211
2015,55,55,2015-02-25,,MEM,W,102,90,107.8,95.1,94.6,0.313,0.2,0.56,55.3,61.5,10.6,8.8,,0.525,18,35.1,0.225,,0.429,15.3,70.8,0.214
2015,56,56,2015-02-27,,SAS,L,96,107,100.1,111.6,95.9,0.291,0.051,0.539,52.8,39.5,3.1,3.1,,0.487,16,17.9,0.241,,0.443,4.7,80,0.33
2015,57,57,2015-03-01,,POR,L,99,110,102.7,114.1,96.4,0.267,0.14,0.515,43.4,61.5,8.3,3.4,,0.471,11.1,17.9,0.209,,0.554,15.6,70.3,0.217
2015,58,58,2015-03-03,@,NYK,W,124,86,123.7,85.8,100.2,0.446,0.217,0.624,54.8,63.4,9,3.3,,0.554,12.4,21.6,0.386,,0.39,13.6,80.9,0.268
2015,59,59,2015-03-04,@,SAS,L,85,112,86,113.3,98.8,0.436,0.115,0.457,44.3,51.7,14.2,6.5,,0.391,15.5,18.2,0.308,,0.588,15.6,77.1,0.141
2015,60,60,2015-03-06,@,ORL,L,114,119,123.8,129.2,92.1,0.447,0.318,0.56,53.8,47.4,6.5,9.8,,0.506,12.1,39.6,0.329,,0.641,10,75,0.118
2015,61,61,2015-03-07,@,MIA,L,109,114,106.5,111.4,92.7,0.273,0.284,0.553,57.5,65,6.8,7.1,,0.511,16.9,28.6,0.216,,0.556,12.1,89.5,0.313
2015,62,62,2015-03-09,@,ATL,L,105,130,117.1,145,89.7,0.247,0.247,0.585,54.8,53.8,11.2,3.8,,0.531,15.1,41,0.235,,0.716,12.5,70.6,0.045
2015,63,63,2015-03-11,@,CHO,W,113,106,111.2,104.3,101.7,0.353,0.235,0.575,49.4,62.5,3.9,4,,0.518,10.9,17.1,0.294,,0.484,9.5,78.3,0.172
2015,64,64,2015-03-13,@,PHI,L,107,114,104.4,111.2,102.5,0.46,0.161,0.511,52.1,62.9,8.8,6.3,,0.425,14,33.3,0.379,,0.521,12.5,70.8,0.158
2015,65,65,2015-03-14,@,WAS,L,97,113,106.2,123.7,91.4,0.364,0.247,0.543,46.8,68.6,4.4,5.5,,0.494,15.2,25.6,0.273,,0.611,12.8,73.5,0.173
2015,66,66,2015-03-16,,ATL,L,103,110,103.8,110.8,99.3,0.309,0.247,0.56,53.6,60.5,7.1,9.4,,0.512,17.9,23.1,0.247,,0.524,11,80,0.262
2015,67,67,2015-03-18,,LAC,L,105,116,112.4,124.2,93.4,0.405,0.215,0.564,55,47.4,7.5,0,,0.5,9.7,24.3,0.329,,0.608,10.5,81.4,0.102
2015,68,68,2015-03-20,,CHO,W,101,91,102,91.9,99,0.321,0.269,0.567,57.1,56.8,4,4.1,,0.532,19.1,27.5,0.231,,0.429,11.7,84.1,0.143
2015,69,69,2015-03-22,,WAS,W,109,86,114.8,90.6,94.9,0.291,0.215,0.612,43.6,60,12.6,2.9,,0.557,15.2,12.5,0.266,,0.42,14.4,65.2,0.149
2015,70,70,2015-03-24,,PHI,W,107,106,107,106,100,0.392,0.206,0.47,53.2,60,10,17,,0.397,8.1,35.1,0.309,,0.574,18.1,81.1,0.16
2015,71,71,2015-03-25,@,PHO,W,108,99,107.5,98.6,100.4,0.284,0.259,0.593,48.3,67.5,8,4.8,,0.543,17.3,20,0.247,,0.471,15.5,71.4,0.195
2015,72,72,2015-03-27,@,NOP,L,88,102,101.1,117.2,87,0.228,0.19,0.506,44,40,5.7,6.3,,0.487,11.2,22.2,0.139,,0.565,11.8,69.2,0.083
2015,73,73,2015-03-30,@,MEM,L,83,97,95.5,111.6,86.9,0.247,0.198,0.462,47.7,48.5,4.6,5,,0.438,11.8,27.9,0.148,,0.506,12.6,67.4,0.157
2015,74,74,2015-04-01,@,HOU,L,111,115,108.9,112.8,102,0.167,0.146,0.539,57.6,62.5,8.8,18.4,,0.536,16.9,41.7,0.083,,0.562,14.5,72.5,0.169
2015,75,75,2015-04-03,,NOP,L,95,101,104.6,111.2,90.9,0.321,0.218,0.534,43.2,56.8,4.4,10.3,,0.513,9.2,15,0.192,,0.471,10.8,66.7,0.218
2015,76,76,2015-04-05,,UTA,L,95,101,97.7,103.8,97.3,0.304,0.19,0.53,47.8,52.6,13.4,4.8,,0.513,18.3,25,0.177,,0.506,15.9,69.6,0.149
2015,77,77,2015-04-07,,MIN,W,116,111,118.7,113.5,97.8,0.425,0.3,0.611,57.6,59.5,5.1,9.5,,0.581,12.8,32.5,0.288,,0.516,8.9,80,0.161
2015,78,78,2015-04-08,@,UTA,L,91,103,105.1,118.9,86.6,0.373,0.213,0.521,39.7,57.6,10.4,2.3,,0.487,9.3,17.1,0.24,,0.574,15.8,64.9,0.243
2015,79,79,2015-04-10,@,OKC,L,103,116,109.2,122.9,94.4,0.346,0.296,0.552,51.5,51.4,4.2,9.1,,0.512,14.6,31.1,0.247,,0.505,5.3,69.2,0.186
2015,80,80,2015-04-12,@,DEN,L,111,122,107.9,118.6,102.9,0.568,0.243,0.6,43.2,73.7,12.6,0,,0.547,17.8,15.8,0.405,,0.604,15.9,72.2,0.28
2015,81,81,2015-04-13,,LAL,W,102,92,110.9,100,92,0.5,0.222,0.581,45.6,62.9,4.3,7.4,,0.514,10.2,13.5,0.389,,0.438,9.8,67.9,0.083
2015,82,82,2015-04-15,@,LAL,W,122,99,120.5,97.8,101.3,0.488,0.202,0.598,47.7,65.2,9.9,5.7,,0.595,8.9,16.7,0.262,,0.42,11.8,69.2,0.213
2014,1,1,2013-10-30,,DEN,W,90,88,97.3,95.1,92.5,0.284,0.259,0.494,50,39.4,8.6,10.9,,0.457,13.3,25,0.198,,0.462,17.2,78.9,0.19
2014,2,2,2013-11-01,,LAC,L,101,110,114.2,124.4,88.5,0.405,0.215,0.543,47.3,58.3,7.9,10.9,,0.494,8.8,25.6,0.291,,0.586,15,71.4,0.4
2014,3,3,2013-11-02,@,GSW,L,87,98,93.4,105.2,93.2,0.276,0.299,0.446,52.2,53.3,9.7,2,,0.379,12.5,29.1,0.241,,0.586,18.1,86.5,0.118
2014,4,4,2013-11-05,,ATL,L,100,105,106.3,111.6,94.1,0.263,0.388,0.56,52,62.9,10.6,6.8,,0.5,16.8,27,0.25,,0.531,13.2,76.3,0.235
2014,5,5,2013-11-08,@,POR,L,91,104,99.3,113.5,91.6,0.174,0.256,0.491,39.7,55.6,12,1.8,,0.453,10.6,18.2,0.151,,0.55,16.2,67.6,0.2
2014,6,6,2013-11-09,,POR,L,85,96,102.2,115.4,83.2,0.179,0.154,0.505,38.8,47.2,8.4,3.2,,0.481,10.6,19.5,0.128,,0.494,11.6,56.8,0.183
2014,7,7,2013-11-13,,BRK,W,107,86,110.9,89.1,96.5,0.245,0.255,0.514,49,63.4,8.3,4.3,,0.479,5.4,22.2,0.181,,0.396,13.8,79.2,0.256
2014,8,8,2013-11-15,,DET,L,90,97,98.1,105.7,91.8,0.213,0.313,0.514,48.3,64.7,4.4,8.1,,0.488,16.3,25,0.15,,0.482,11.2,71.1,0.176
2014,9,9,2013-11-17,,MEM,L,86,97,97,109.4,88.6,0.195,0.264,0.455,41.7,63.6,9,3.4,,0.42,7.8,20.8,0.149,,0.583,16.7,77.4,0.181
2014,10,10,2013-11-19,,PHO,W,107,104,109.3,106.2,97.9,0.337,0.265,0.561,60.8,53.8,8.2,6,,0.518,17.3,37.5,0.253,,0.532,14.9,84.6,0.253
2014,11,11,2013-11-20,@,PHO,W,113,106,119.4,112,94.6,0.475,0.213,0.584,53.2,51.4,11.6,3.8,,0.506,9.4,27.3,0.4,,0.535,15.2,71.7,0.176
2014,12,12,2013-11-23,@,LAC,L,102,103,104.6,105.7,97.5,0.341,0.193,0.504,54.1,70.3,8.2,9.3,,0.449,9,24.4,0.261,,0.566,16.2,87.5,0.382
2014,13,13,2013-11-24,@,LAL,L,86,100,92,107,93.5,0.179,0.286,0.475,48.8,68.6,6.4,4.9,,0.464,12.5,16.7,0.095,,0.506,9.7,79.5,0.138
2014,14,14,2013-11-29,,LAC,L,98,104,102.3,108.6,86.8,0.11,0.253,0.514,48.9,57.1,4.2,7.9,,0.495,13.6,26.7,0.088,,0.482,10.8,71.1,0.289
2014,15,15,2013-12-01,,GSW,L,113,115,115.4,117.4,97.9,0.368,0.25,0.64,54.9,55,11.2,1.8,,0.586,21.4,33.3,0.316,,0.604,16.4,73.7,0.195
2014,16,16,2013-12-03,,OKC,L,95,97,104.2,106.4,91.2,0.213,0.326,0.488,46.6,68.6,9.9,7.9,,0.449,7.6,26,0.169,,0.476,14,73.7,0.217
2014,17,17,2013-12-06,,LAL,L,100,106,109.7,116.3,91.2,0.256,0.256,0.523,58.6,67.6,11,7.4,,0.488,13.6,40.9,0.186,,0.547,11.3,76.7,0.14
2014,18,18,2013-12-07,@,UTA,W,112,102,108.2,98.5,93.7,0.404,0.16,0.506,49.5,66.7,10.6,10,,0.431,8.3,25.5,0.33,,0.449,13.5,75,0.247
2014,19,19,2013-12-09,,DAL,W,112,97,106.2,92,105.4,0.42,0.309,0.584,56.7,60.5,9.5,5.9,,0.525,18,26.8,0.333,,0.416,13.4,81.6,0.189
2014,20,20,2013-12-11,,UTA,L,101,122,114.9,138.8,87.9,0.423,0.167,0.546,50.6,37.1,2.3,6.1,,0.474,11.5,32.5,0.346,,0.612,5.9,69.2,0.146
2014,21,21,2013-12-13,@,PHO,L,107,116,114.5,124.2,93.4,0.333,0.218,0.536,50,31.6,11.8,6.8,,0.471,13.1,38.6,0.287,,0.566,14.3,61.9,0.265
2014,22,22,2013-12-15,,HOU,W,106,91,108.2,92.9,98,0.37,0.16,0.563,50.6,43.6,8.2,12.5,,0.5,13.7,18.4,0.309,,0.46,15.6,76.6,0.293
2014,23,23,2013-12-17,@,CHA,L,87,95,90.5,98.8,96.1,0.35,0.188,0.471,50,60,8.3,6.6,,0.4,14,19.6,0.288,,0.5,14.5,86.8,0.218
2014,24,24,2013-12-18,@,ATL,L,107,124,110.3,127.8,97,0.298,0.179,0.563,42.9,62.5,6.2,1.8,,0.512,12,16.7,0.25,,0.673,15.2,74.3,0.185
2014,25,25,2013-12-20,@,MIA,L,103,122,105.2,124.6,97.9,0.324,0.297,0.609,45.1,58.1,14.3,1.7,,0.628,19.1,17.9,0.135,,0.675,16,78.1,0.12
2014,26,26,2013-12-21,@,ORL,W,105,100,111.9,106.6,93.8,0.291,0.291,0.589,51.2,43.6,8.5,6.5,,0.57,14.4,27.9,0.19,,0.524,15.6,74.4,0.171
2014,27,27,2013-12-23,,NOP,L,100,113,105,118.6,95.3,0.568,0.23,0.541,48.9,48.4,9.4,9.1,,0.466,19.2,34.8,0.419,,0.542,14.4,64.3,0.277
2014,28,28,2013-12-27,,MIA,W,108,103,102.9,98.2,95,0.301,0.241,0.574,59.3,56.1,4.8,7.4,,0.524,19,24.4,0.253,,0.506,14.4,91.1,0.186
2014,29,29,2013-12-29,@,SAS,L,104,112,113.9,122.7,91.3,0.22,0.154,0.521,53.7,48.8,3.3,8.6,,0.489,6.6,32,0.165,,0.511,3.8,77.8,0.17
2014,30,30,2013-12-31,@,HOU,W,110,106,114.5,110.3,96.1,0.271,0.259,0.578,47.6,52.4,9.4,3.8,,0.535,12,23.7,0.224,,0.525,14.3,68.2,0.259
2014,31,31,2014-01-02,,PHI,L,104,113,102,110.9,101.9,0.446,0.277,0.524,52,40,3.9,9.9,,0.464,18.1,32,0.325,,0.494,10.4,72.9,0.267
2014,32,32,2014-01-04,,CHA,L,103,113,107.1,117.5,96.1,0.207,0.185,0.513,57.8,40.5,8.3,7.4,,0.489,12.2,34.7,0.141,,0.596,10.6,85.4,0.169
2014,33,33,2014-01-07,,POR,W,123,119,119.2,115.4,103.2,0.588,0.176,0.575,48.5,50,8.7,4.8,,0.512,7,24.5,0.424,,0.489,13.1,72,0.344
2014,34,34,2014-01-10,,ORL,W,103,83,114.2,92,90.2,0.238,0.175,0.583,59.3,56.1,7.8,5.9,,0.531,13.7,29.7,0.225,,0.385,12.5,79.6,0.295
2014,35,35,2014-01-12,,CLE,W,124,80,129.9,83.8,95.4,0.37,0.37,0.658,61,50,6.3,13.6,,0.611,13.7,31.6,0.309,,0.431,13.4,86.4,0.138
2014,36,36,2014-01-14,@,IND,L,92,116,97,122.3,94.8,0.185,0.141,0.462,46.5,33.3,8.4,7.6,,0.446,13.1,30,0.109,,0.585,12.3,69.4,0.244
2014,37,37,2014-01-15,@,MIN,W,111,108,111.3,108.3,99.8,0.232,0.146,0.614,56.3,42.2,6,5.9,,0.579,17.4,25.7,0.195,,0.489,10.6,80,0.25
2014,38,38,2014-01-17,@,MEM,L,90,91,98.6,99.7,91.3,0.284,0.136,0.494,53.8,51.5,4.4,3.3,,0.438,13.3,23.3,0.235,,0.5,10.4,89.2,0.167
2014,39,39,2014-01-19,@,OKC,L,93,108,98.8,114.7,94.2,0.364,0.221,0.521,49.4,51.5,7.4,9.2,,0.461,18.3,33.3,0.286,,0.506,13.9,63.8,0.244
2014,40,40,2014-01-21,@,NOP,W,114,97,126.5,107.6,90.1,0.378,0.256,0.596,56.8,59.5,7.8,17.2,,0.567,11.1,36.6,0.256,,0.514,14,77.5,0.377
2014,41,41,2014-01-22,@,HOU,L,98,119,98.2,119.2,99.8,0.349,0.349,0.494,43.3,55.9,5,10.2,,0.465,11.6,21.2,0.209,,0.522,8.5,68.9,0.278
2014,42,42,2014-01-24,,IND,L,111,116,105.4,110.2,95.4,0.287,0.317,0.488,52,35.9,2.8,2.8,,0.446,13.7,35.2,0.208,,0.474,9.9,70.8,0.274
2014,43,43,2014-01-26,,DEN,L,117,125,115.5,123.4,101.3,0.42,0.198,0.61,52.6,54.8,9.9,1.8,,0.543,14.3,22.5,0.358,,0.58,10,84.2,0.383
2014,44,44,2014-01-27,@,UTA,L,99,106,109.4,117.2,90.5,0.289,0.244,0.488,50.5,40.5,3.3,8.3,,0.439,9,36.4,0.222,,0.444,7.2,64.8,0.438
2014,45,45,2014-01-29,,MEM,L,89,99,108.9,121.2,81.7,0.101,0.266,0.539,52.3,52.6,6.1,3.3,,0.513,15.4,37.1,0.101,,0.573,12.8,70,0.173
2014,46,46,2014-01-31,@,DAL,L,103,107,119.7,124.3,86.1,0.307,0.28,0.605,51.3,52.6,4.6,9.8,,0.553,14.1,28.6,0.267,,0.488,4,70.7,0.363
2014,47,47,2014-02-01,@,SAS,L,93,95,101.3,103.4,91.8,0.301,0.169,0.495,50.6,44.1,8.7,7.5,,0.44,8.7,18.6,0.241,,0.52,13.1,83.3,0.227
2014,48,48,2014-02-03,,CHI,W,99,70,104.3,73.8,94.9,0.493,0.116,0.59,63.9,50,7.4,5.2,,0.536,20.8,31.3,0.362,,0.308,13.1,84.3,0.282
2014,49,49,2014-02-05,,TOR,W,109,101,118.4,109.7,92.1,0.63,0.148,0.527,48.2,46.9,10.9,6.8,,0.42,8.8,34.9,0.506,,0.488,15.2,61.9,0.226
2014,50,50,2014-02-07,@,BOS,L,89,99,98.9,110,90,0.276,0.172,0.456,47.5,54.8,3.3,7.6,,0.385,9.3,28.8,0.253,,0.506,12.1,68.1,0.114
2014,51,51,2014-02-09,@,WAS,L,84,93,93.3,103.3,90.1,0.341,0.134,0.445,56.3,58.6,10,5.2,,0.366,16,37.8,0.293,,0.481,13.6,76.2,0.215
2014,52,52,2014-02-11,@,CLE,L,99,109,109.2,120.2,90.7,0.446,0.351,0.559,44.4,52.9,4.4,9.2,,0.514,13.7,23.1,0.311,,0.547,11.1,64.3,0.174
2014,53,53,2014-02-12,@,NYK,W,106,101,109.6,104.5,87.6,0.224,0.271,0.568,48.3,40,7.2,1.5,,0.529,13.8,25.6,0.188,,0.506,15.8,70.5,0.111
2014,54,54,2014-02-19,,GSW,L,92,101,97.1,106.6,94.7,0.354,0.215,0.504,58.3,39.4,4.2,4.5,,0.456,18.7,34.1,0.253,,0.471,6.8,85,0.233
2014,55,55,2014-02-22,,BOS,W,105,98,107.2,100.1,97.9,0.384,0.123,0.615,47.5,47.4,6.1,4.5,,0.555,16.6,10,0.329,,0.425,12,70,0.276
2014,56,56,2014-02-23,@,DEN,W,109,95,106.5,92.8,102.4,0.462,0.167,0.581,52.9,48.6,11.7,17.9,,0.506,18.3,25,0.385,,0.46,16.3,77.8,0.159
2014,57,57,2014-02-25,,HOU,L,103,129,102.4,128.3,100.5,0.344,0.2,0.497,45.1,47.2,12.9,2,,0.428,10.4,24,0.289,,0.646,17.4,78.1,0.5
2014,58,58,2014-02-28,@,LAL,L,122,126,121.3,125.2,100.6,0.344,0.161,0.57,58.7,61.7,10.9,5.7,,0.532,9.3,34.1,0.247,,0.719,16.3,93.5,0.138
2014,59,59,2014-03-01,,MIN,L,97,108,101.4,112.9,95.7,0.256,0.268,0.532,54,59.5,4.2,11.7,,0.494,17.2,27.5,0.195,,0.488,9.3,76.6,0.358
2014,60,60,2014-03-03,,NOP,W,96,89,110.8,102.7,86.7,0.603,0.103,0.558,61,34.4,4.6,5.5,,0.478,17.3,41,0.456,,0.467,9.3,81.6,0.253
2014,61,61,2014-03-05,@,MIL,W,116,102,128.3,112.8,90.4,0.386,0.169,0.597,55.4,48.8,7.7,4.6,,0.542,8.5,31.6,0.313,,0.476,7.8,75.6,0.293
2014,62,62,2014-03-07,@,TOR,L,87,99,95.1,108.2,91.5,0.514,0.264,0.493,51.3,46.7,9.8,3.8,,0.451,16.1,22.5,0.306,,0.534,12.3,83.3,0.288
2014,63,63,2014-03-09,@,BRK,L,89,104,96.4,112.6,92.4,0.259,0.284,0.493,66.3,30.6,3.2,7.7,,0.475,21,43.5,0.148,,0.61,10.6,97.1,0.13
2014,64,64,2014-03-11,@,DET,L,89,99,92.5,102.8,96.3,0.357,0.179,0.458,51.5,52.9,6.2,10.1,,0.423,14.1,26,0.214,,0.477,10.3,78.7,0.184
2014,65,65,2014-03-12,@,PHI,W,115,98,112.6,96,102.1,0.676,0.243,0.599,55.8,61.8,11.7,1.6,,0.507,17.9,30.8,0.541,,0.44,17.2,76.6,0.286
2014,66,66,2014-03-15,@,CHI,L,87,94,92.2,99.6,94.4,0.435,0.165,0.43,57.9,38.7,6.4,10.3,,0.376,13.6,36.5,0.271,,0.436,10.6,83.7,0.333
2014,67,67,2014-03-16,@,MIN,L,102,104,107.4,109.5,95,0.224,0.224,0.546,57.8,41.5,5.3,6.6,,0.518,14.6,28.2,0.165,,0.474,8.7,84.1,0.385
2014,68,68,2014-03-18,,WAS,W,117,111,110.4,104.7,96,0.46,0.207,0.559,58.2,45,7.5,3.2,,0.494,16.1,34.8,0.356,,0.5,12.6,78.8,0.22
2014,69,69,2014-03-21,,SAS,L,79,99,82.1,102.9,96.3,0.225,0.175,0.449,48,53.1,3.1,13.2,,0.425,14.6,15.2,0.138,,0.414,7.9,75.9,0.237
2014,70,70,2014-03-23,,MIL,W,124,107,128.2,110.6,96.7,0.419,0.233,0.609,52.4,43.2,5.2,4.5,,0.552,8.9,31,0.337,,0.518,10.9,73.8,0.224
2014,71,71,2014-03-26,,NYK,L,99,107,117.6,127.1,84.2,0.507,0.246,0.586,48.5,57.6,8.3,4.3,,0.522,10.6,22.9,0.391,,0.651,15.1,77.4,0.164
2014,72,72,2014-03-28,@,OKC,L,81,94,90.9,105.5,89.1,0.188,0.212,0.44,56.3,54.8,6.7,2.2,,0.418,14.8,32.7,0.118,,0.543,14.9,91.4,0.275
2014,73,73,2014-03-29,@,DAL,L,100,103,109.2,112.5,91.5,0.235,0.123,0.56,57.3,40.5,10.9,4.3,,0.537,16.8,32.6,0.16,,0.536,12.3,84.6,0.4
2014,74,74,2014-03-31,@,NOP,W,102,97,108.9,103.5,93.7,0.388,0.138,0.545,61,52.6,7.5,5.1,,0.494,16.1,35.7,0.288,,0.527,13.3,91.4,0.274
2014,75,75,2014-04-02,,LAL,W,107,102,110.3,105.2,97,0.314,0.174,0.547,47.5,38.1,8.3,5.9,,0.517,7.6,17.4,0.209,,0.448,8.7,73.6,0.167
2014,76,76,2014-04-04,@,GSW,L,69,102,74.1,109.6,93.1,0.321,0.128,0.388,43.6,48,4.3,3.2,,0.327,15.2,19.2,0.231,,0.505,10.9,69.4,0.086
2014,77,77,2014-04-06,,DAL,L,91,93,103.3,105.6,88.1,0.263,0.237,0.537,47.1,58.3,6.8,5.2,,0.507,13.3,17.1,0.184,,0.478,9.5,68,0.09
2014,78,78,2014-04-08,,OKC,L,92,107,106.9,124.3,86.1,0.341,0.171,0.488,53,38.2,5.8,6.9,,0.433,8.7,31,0.256,,0.55,6.1,75.6,0.238
2014,79,79,2014-04-09,@,POR,L,99,100,103.1,104.1,96.1,0.242,0.121,0.492,51.1,48.7,10.4,3.8,,0.456,9.8,26.9,0.176,,0.553,17.5,86.1,0.227
2014,80,80,2014-04-12,@,LAC,L,101,117,108.4,125.6,93.2,0.402,0.11,0.523,46.9,60,5.4,6.5,,0.451,9.4,26.7,0.329,,0.562,10.2,72.2,0.321
2014,81,81,2014-04-13,,MIN,W,106,103,107.5,104.4,98.6,0.329,0.207,0.565,53.4,61,6.1,9.1,,0.537,13.8,20.5,0.22,,0.438,9,79.6,0.295
2014,82,82,2014-04-16,,PHO,L,99,104,99.6,104.6,99.4,0.349,0.221,0.499,57.4,51.4,8,4.5,,0.453,14.6,28.3,0.244,,0.512,10.3,85.4,0.186
2013,1,1,2012-10-31,@,CHI,L,87,93,91.6,98,94.9,0.19,0.202,0.478,46.5,41.2,10.5,7.1,,0.44,17.3,25.6,0.155,,0.43,16.1,67.4,0.316
2013,2,2,2012-11-02,@,MIN,L,80,92,86.9,99.9,92.1,0.18,0.18,0.416,44.8,53.1,7.6,5.7,,0.376,10.3,23.4,0.146,,0.379,9.7,65.3,0.299
2013,3,3,2012-11-03,@,IND,L,98,106,92.1,99.6,88.1,0.196,0.216,0.442,41.2,51.4,14.1,16.9,,0.402,12.6,25.8,0.157,,0.414,15.9,59.6,0.242
2013,4,4,2012-11-05,,GSW,W,94,92,101.6,99.4,92.6,0.284,0.235,0.516,53.1,35.1,7.6,8.8,,0.481,12.5,24.4,0.198,,0.436,12.6,82.5,0.308
2013,5,5,2012-11-07,,DET,W,105,103,116.9,114.7,89.8,0.293,0.195,0.567,56,37.5,8.9,5.9,,0.53,12.3,37.8,0.22,,0.548,16.4,73.7,0.315
2013,6,6,2012-11-09,,SAS,L,86,97,90.5,102.1,95,0.286,0.176,0.42,47.3,56.3,11.6,5.6,,0.368,9.7,26.8,0.209,,0.521,19.3,80,0.306
2013,7,7,2012-11-11,@,LAL,L,90,103,100.6,115.2,89.4,0.156,0.256,0.468,43.8,55.6,11.2,8.9,,0.439,10.3,30.4,0.122,,0.494,15.3,58.1,0.284
2013,8,8,2012-11-13,,POR,L,86,103,100.9,120.9,85.2,0.247,0.143,0.504,42.9,52.8,8.2,8.9,,0.474,13.2,23.3,0.169,,0.583,15.5,67.6,0.264
2013,9,9,2012-11-16,,ATL,L,96,112,103.9,121.2,92.4,0.165,0.235,0.527,46.8,64.1,11.9,0,,0.506,13.3,23.8,0.118,,0.605,14.6,73,0.263
2013,10,10,2012-11-18,,BRK,L,90,99,103.3,113.7,87.1,0.238,0.225,0.509,56,35.1,6.9,6.9,,0.5,16.1,36.6,0.125,,0.513,10.4,79.4,0.293
2013,11,11,2012-11-21,,LAL,W,113,97,118.7,101.9,95.2,0.272,0.185,0.623,55.4,52.3,9.5,10.3,,0.586,15,25,0.222,,0.538,19.6,84.2,0.415
2013,12,12,2012-11-23,@,UTA,L,102,104,114.5,116.7,89.1,0.2,0.213,0.586,41.9,52.5,5.6,4.4,,0.563,13,18.8,0.15,,0.452,10.1,59.5,0.349
2013,13,13,2012-11-24,,UTA,W,108,97,124.9,112.2,86.4,0.432,0.216,0.613,49.3,47.5,9.3,3.7,,0.581,13.7,40,0.297,,0.475,15.6,57.5,0.278
2013,14,14,2012-11-27,,MIN,L,89,97,95.3,103.9,93.4,0.167,0.202,0.494,41.4,56.8,11.8,9.8,,0.476,12.6,17,0.107,,0.494,15.8,70,0.181
2013,15,15,2012-11-30,,IND,L,92,97,103.7,109.3,88.7,0.333,0.227,0.535,50.6,46.9,6.8,6.8,,0.467,12.2,20.5,0.293,,0.488,8.8,77.3,0.165
2013,16,16,2012-12-01,@,LAC,L,81,116,91.5,131,88.6,0.237,0.303,0.483,49.4,79.3,2.3,4.8,,0.441,16.8,23.3,0.184,,0.616,5.1,78.9,0.116
2013,17,17,2012-12-05,,TOR,W,107,100,109.5,102.3,97.7,0.415,0.183,0.552,54,47.4,5.1,11.1,,0.5,13.4,25,0.305,,0.442,10.1,78.7,0.279
2013,18,18,2012-12-07,,ORL,W,91,82,93.6,84.4,97.2,0.354,0.266,0.498,56,62.5,11.3,9.2,,0.43,16.5,22.7,0.291,,0.4,15.2,87.2,0.225
2013,19,19,2012-12-08,@,POR,W,99,80,108.5,87.7,91.3,0.256,0.221,0.517,48.4,61.1,15.3,7.4,,0.471,9.5,20,0.209,,0.44,17.8,76.1,0.187
2013,20,20,2012-12-10,@,DAL,L,96,119,101.6,125.9,94.5,0.19,0.321,0.527,53.1,59.5,4.2,6,,0.512,17.3,31.1,0.119,,0.592,7.7,80.6,0.184
2013,21,21,2012-12-12,@,MIL,L,85,98,92.9,107.1,91.5,0.244,0.221,0.446,45.5,43.8,3.3,7.6,,0.39,15.1,30.8,0.209,,0.438,7.8,58.6,0.146
2013,22,22,2012-12-14,@,OKC,L,103,113,111.2,122,92.6,0.413,0.253,0.581,40.3,52.9,11.9,8.1,,0.5,13.6,19.4,0.373,,0.548,16.3,61.1,0.265
2013,23,23,2012-12-16,,DEN,L,97,122,108.7,136.7,89.2,0.374,0.264,0.458,44.7,41.9,7.8,1.5,,0.374,7.8,37.5,0.319,,0.588,10.1,55.3,0.259
2013,24,24,2012-12-17,@,PHO,L,90,101,100.5,112.8,89.6,0.289,0.157,0.481,57.3,44.1,5.6,7.9,,0.428,14.6,36.7,0.229,,0.529,7.1,82.5,0.129
2013,25,25,2012-12-19,,GSW,W,131,127,133.1,129.1,98.4,0.488,0.221,0.627,48.8,58.1,7.1,10.6,,0.564,7.9,28.2,0.395,,0.571,10.4,67.4,0.239
2013,26,26,2012-12-21,@,LAC,L,85,97,91,103.8,93.4,0.203,0.278,0.494,37.6,54.5,7.5,14.1,,0.468,15.7,17.8,0.139,,0.466,16.3,60,0.184
2013,27,27,2012-12-23,,POR,W,108,96,117.2,104.2,92.1,0.136,0.235,0.629,47.4,68.9,10.9,3.3,,0.611,14,18.8,0.111,,0.476,15.5,67.4,0.176
2013,28,28,2012-12-26,@,POR,L,91,109,100.4,120.3,90.6,0.186,0.279,0.489,39.8,80,8.8,4.5,,0.459,9.7,25,0.14,,0.54,15.1,57.5,0.172
2013,29,29,2012-12-28,,NYK,W,106,105,119.2,118.1,88.9,0.198,0.349,0.567,42.5,71.8,12.4,11.3,,0.541,10.5,28.2,0.151,,0.56,15.6,56.1,0.145
2013,30,30,2012-12-30,,BOS,W,118,96,126.1,102.6,93.5,0.305,0.244,0.634,56.3,63.6,8.6,12.5,,0.598,12.3,28.6,0.244,,0.459,11.3,77.8,0.198
2013,31,31,2013-01-01,@,DET,L,97,103,110.7,117.5,87.6,0.244,0.302,0.509,45.7,52.8,11.4,5.5,,0.471,12,34,0.186,,0.573,16.7,61.8,0.227
2013,32,32,2013-01-02,@,CLE,W,97,94,106.4,103.2,91.1,0.261,0.182,0.494,47.9,57.9,8.8,9.1,,0.449,9.2,30,0.205,,0.42,11.8,67.4,0.241
2013,33,33,2013-01-04,@,TOR,W,105,96,112.9,103.2,93,0.395,0.158,0.589,52.4,57.5,9.7,10.9,,0.553,16,30.6,0.276,,0.449,13.6,69.6,0.316
2013,34,34,2013-01-05,@,BRK,L,93,113,112,136,83.1,0.256,0.211,0.464,44.6,50,8.4,16.4,,0.433,8.2,42.3,0.167,,0.559,11.3,47.5,0.212
2013,35,35,2013-01-07,,MEM,L,81,113,94.1,131.3,86.1,0.303,0.276,0.47,45.7,50,5.8,1.7,,0.401,14,25,0.263,,0.556,8,70.3,0.3
2013,36,36,2013-01-10,,DAL,L,112,117,106.3,111,95.5,0.395,0.333,0.589,44.1,57.5,7.6,9.3,,0.537,17.4,15.9,0.309,,0.453,9.7,69.4,0.313
2013,37,37,2013-01-12,,MIA,L,99,128,109.9,142.1,90.1,0.218,0.207,0.519,52.6,60.5,4.4,4.7,,0.489,15.1,38.1,0.161,,0.669,9.9,70.6,0.263
2013,38,38,2013-01-14,,CLE,W,124,118,138.2,131.5,89.7,0.393,0.226,0.629,51.3,55.8,8.9,9.2,,0.565,10,45.7,0.345,,0.522,8.7,55.8,0.239
2013,39,39,2013-01-16,,WAS,W,95,94,99.9,98.9,95.1,0.153,0.129,0.524,51.2,56.1,10.5,1.4,,0.512,16.6,26.8,0.094,,0.5,15.8,74.4,0.093
2013,40,40,2013-01-18,@,MEM,L,69,85,79.3,97.6,87.1,0.176,0.118,0.377,47.3,31,9.2,9.9,,0.353,14.1,29.8,0.106,,0.455,15.6,65.9,0.179
2013,41,41,2013-01-19,@,CHA,W,97,93,109.6,105.1,88.5,0.259,0.222,0.537,50.6,64.9,6.8,3.5,,0.488,10.9,26.3,0.222,,0.465,12.8,74.4,0.361
2013,42,42,2013-01-21,@,NOH,L,105,114,116.4,126.4,90.2,0.395,0.185,0.552,42.4,47.4,5.5,1.6,,0.488,9.5,29.3,0.321,,0.551,13.2,54.5,0.18
2013,43,43,2013-01-23,,PHO,L,96,106,102.7,113.4,93.5,0.304,0.139,0.536,62,60.5,8.6,12.7,,0.513,21.1,47.4,0.19,,0.511,10.2,75.6,0.156
2013,44,44,2013-01-25,,OKC,L,95,105,93.7,103.6,101.4,0.244,0.174,0.499,45.3,41.7,10.9,5.7,,0.465,15.9,17,0.174,,0.526,18.3,79.5,0.329
2013,45,45,2013-01-26,@,DEN,L,93,121,92.4,120.2,100.7,0.25,0.25,0.476,44,54.1,7.9,8.6,,0.466,16.3,24.1,0.125,,0.601,13.5,73,0.157
2013,46,46,2013-01-28,@,WAS,W,96,94,102.2,100,94,0.305,0.28,0.516,43.8,66.7,14.9,4.5,,0.494,9.7,16.7,0.183,,0.5,18.8,73.7,0.221
2013,47,47,2013-01-30,@,BOS,L,81,99,90.1,110.2,89.9,0.356,0.233,0.48,50,44.8,12.2,1.8,,0.438,17.6,25.6,0.233,,0.568,16.4,81.8,0.219
2013,48,48,2013-02-01,@,PHI,L,80,89,87.6,97.5,91.3,0.316,0.127,0.444,42.7,70,13.1,6.5,,0.386,12.6,19.1,0.241,,0.493,17.6,74.3,0.184
2013,49,49,2013-02-02,@,NYK,L,81,120,86.7,128.4,93.5,0.197,0.276,0.49,36.6,43.8,8.6,4.7,,0.461,17.9,11.9,0.145,,0.657,15.6,62.5,0.081
2013,50,50,2013-02-04,@,UTA,L,91,98,97.6,105.1,84.5,0.287,0.23,0.464,48.8,37.1,11.8,6.7,,0.42,11.7,29.4,0.207,,0.576,20,82.8,0.208
2013,51,51,2013-02-09,,UTA,W,120,109,122,110.8,98.4,0.412,0.224,0.598,53,61.4,11.2,9,,0.565,13.7,36.4,0.282,,0.512,16.2,71.8,0.305
2013,52,52,2013-02-10,,HOU,W,117,111,123.5,117.2,94.7,0.31,0.23,0.592,51.7,55,9.5,3.6,,0.523,11.6,34.1,0.299,,0.551,13.5,68.9,0.146
2013,53,53,2013-02-12,@,MEM,L,101,108,105.4,112.8,95.8,0.279,0.186,0.523,48,50,12.5,3.2,,0.488,12.7,27.3,0.198,,0.587,18.2,77.4,0.267
2013,54,54,2013-02-13,@,DAL,L,100,123,101.3,124.6,98.7,0.45,0.2,0.522,46.3,51.5,8.1,3.4,,0.438,15.8,25,0.375,,0.538,10.4,68.1,0.261
2013,55,55,2013-02-19,,SAS,L,102,108,103.2,109.3,98.8,0.322,0.278,0.496,47.7,61.8,8.1,4.4,,0.428,8.9,20.4,0.278,,0.533,15.8,82.1,0.373
2013,56,56,2013-02-22,@,ATL,L,108,122,112.3,126.8,96.2,0.284,0.25,0.545,50.5,63.2,3.1,3.1,,0.5,13.2,28.6,0.227,,0.598,5.6,76.2,0.13
2013,57,57,2013-02-24,@,NOH,L,95,110,108.6,125.8,87.5,0.157,0.229,0.535,45.2,57.1,5.7,5.5,,0.494,12.8,26.2,0.157,,0.539,8.6,64.3,0.157
2013,58,58,2013-02-26,@,MIA,L,129,141,117.6,128.6,90.8,0.28,0.29,0.618,49.4,68.8,10.9,6.4,,0.591,15.4,29.8,0.204,,0.604,9.7,76.5,0.188
2013,59,59,2013-02-27,@,ORL,W,125,101,123.6,99.8,101.2,0.345,0.262,0.646,51.3,67.4,11.9,4.7,,0.607,11.8,18.9,0.274,,0.482,16.1,80.5,0.253
2013,60,60,2013-03-01,@,SAS,L,102,130,98.3,125.3,103.8,0.224,0.247,0.546,39.4,51.3,13.5,3.1,,0.5,16.9,12.8,0.2,,0.661,16.8,71.9,0.226
2013,61,61,2013-03-03,,CHA,W,119,83,122.4,85.3,97.2,0.3,0.367,0.584,65.9,61.9,8.2,7.4,,0.539,15,40,0.244,,0.403,12.8,91.3,0.273
2013,62,62,2013-03-05,,DEN,L,113,120,116.9,124.2,96.6,0.329,0.365,0.581,51.8,59,5.2,10.1,,0.529,14.9,34.1,0.271,,0.588,10.8,69,0.235
2013,63,63,2013-03-06,@,GSW,L,83,87,87,91.2,95.4,0.145,0.289,0.47,46.5,84.8,12.6,7.7,,0.446,13.7,13,0.108,,0.413,16.2,85,0.333
2013,64,64,2013-03-08,,PHO,W,121,112,123.2,114,98.2,0.256,0.329,0.663,50,66.7,8.1,6,,0.628,14.1,18.8,0.22,,0.517,11.5,72.7,0.211
2013,65,65,2013-03-10,,MIL,L,113,115,112.9,114.9,100.1,0.266,0.234,0.538,49.4,52.3,7,4.4,,0.5,8.7,23.3,0.202,,0.5,8,75,0.322
2013,66,66,2013-03-13,,CHI,W,121,79,133.4,87.1,90.7,0.313,0.277,0.641,50.6,37.8,9.9,4.8,,0.596,5,20.6,0.265,,0.398,15.9,73.3,0.157
2013,67,67,2013-03-17,@,LAL,L,102,113,110,121.9,92.7,0.083,0.323,0.512,43.4,50,7.6,6.8,,0.49,4.8,15.9,0.083,,0.653,13.3,81.3,0.264
2013,68,68,2013-03-19,,LAC,W,116,101,124.1,108,93.5,0.466,0.384,0.659,50,67.6,8.6,1.9,,0.603,14.6,23.5,0.384,,0.506,15.7,72.5,0.25
2013,69,69,2013-03-21,,MIN,W,101,98,105.7,102.5,95.6,0.24,0.24,0.609,47.1,52.5,4.2,7.6,,0.573,16.2,12.5,0.2,,0.423,10.2,67.9,0.153
2013,70,70,2013-03-23,@,DEN,L,95,101,99.6,105.9,95.4,0.198,0.326,0.508,43.9,61.5,5.2,14.1,,0.5,13,23.3,0.105,,0.459,13.1,66.7,0.271
2013,71,71,2013-03-24,,PHI,L,103,117,110.7,125.8,93,0.141,0.282,0.57,43.5,42.9,5.4,4,,0.547,12.6,22.5,0.118,,0.531,7.9,62.2,0.156
2013,72,72,2013-03-27,@,GSW,W,105,98,112.1,104.6,93.7,0.233,0.311,0.529,52.3,58.5,6.4,1.5,,0.517,13.1,36.4,0.133,,0.483,12.8,69,0.122
2013,73,73,2013-03-28,@,PHO,W,117,103,121.6,107,96.2,0.289,0.217,0.625,57.5,47.7,5.2,4.1,,0.572,16.1,36.1,0.265,,0.484,8,72.5,0.128
2013,74,74,2013-03-30,,LAL,L,98,103,116.9,122.9,83.8,0.186,0.279,0.527,51.2,48.7,1.2,3.8,,0.494,10.6,37.2,0.151,,0.524,7,65.1,0.207
2013,75,75,2013-04-03,,HOU,L,102,112,104,114.2,98.1,0.391,0.241,0.5,46,55.9,12.2,7.1,,0.425,10.5,27.1,0.322,,0.547,16.6,69.2,0.209
2013,76,76,2013-04-05,,DAL,L,108,117,111,120.3,97.3,0.356,0.299,0.537,51.1,51.3,5.1,1.4,,0.483,10.7,26.1,0.276,,0.544,8.4,78.6,0.211
2013,77,77,2013-04-07,,MEM,L,87,89,94.6,96.8,92,0.346,0.309,0.466,47.7,62.1,9.8,6.1,,0.401,13,21.3,0.272,,0.459,14,79.5,0.301
2013,78,78,2013-04-10,,NOH,W,121,110,126.2,114.7,95.9,0.271,0.235,0.636,47.4,55.3,10.4,11.7,,0.612,11.2,24.3,0.2,,0.526,15.4,68.3,0.359
2013,79,79,2013-04-12,@,SAS,L,101,108,104.2,111.5,96.9,0.169,0.225,0.528,45.3,66.7,13.4,6.7,,0.5,12,19.6,0.135,,0.584,15.6,86.2,0.234
2013,80,80,2013-04-14,@,HOU,L,100,121,96.7,117,103.4,0.17,0.25,0.465,49.5,61.5,9.7,17.9,,0.43,12.2,27.3,0.14,,0.62,15.4,83.3,0.217
2013,81,81,2013-04-15,@,OKC,L,95,104,101.1,110.7,94,0.241,0.31,0.494,47.9,50,8.5,0,,0.477,13.5,27.3,0.138,,0.484,9,66,0.163
2013,82,82,2013-04-17,,LAC,L,108,112,112.4,116.6,96.1,0.281,0.292,0.54,50,57.5,5.2,6.3,,0.5,9.9,26.7,0.213,,0.568,11.9,74.4,0.136